Unique_ID,Similarity_score
0,0.045458483769717714
1,0.039939563760176475
2,0.19052081378787372
3,0.06460885888479029
4,0.08036456970223879
5,0.0980366421891393
6,0.040861199573412624
7,0.1945642514492816
8,0.1554527678574924
9,0.12434149189524724
10,0.03452272394043152
11,0.05062047456751922
12,0.10068350509855824
13,0.09824462182401703
14,0.10848993467134023
15,0.03589885441951471
16,0.03272675961638299
17,0.11237668748472253
18,0.27374570356061323
19,0.08686054131032565
20,0.10458359274172094
21,0.08739843401547742
22,0.10437538932836479
23,0.12775793218528989
24,0.03863049038400574
25,0.10074892571011479
26,0.06621206342314452
27,0.1825748096346733
28,0.12350570030000987
29,0.10799465757825578
30,0.10207523499865256
31,0.02734986997416624
32,0.15754102581708662
33,0.10758030864950861
34,0.05399560534123911
35,0.021779667472143004
36,0.11908731996440404
37,0.06781830768541838
38,0.06242221240921541
39,0.05470754548858644
40,0.057763724883073755
41,0.153006858500392
42,0.10375402659518491
43,0.09815425942653105
44,0.06753439524802614
45,0.10152436247572186
46,0.03894067550718631
47,0.2130569926679495
48,0.060509026720298884
49,0.025262530035114063
50,0.0881517788237541
51,0.08707279271579779
52,0.07481628702373497
53,0.06683664817192145
54,0.09442496921713567
55,0.12854016422150222
56,0.1213346348562567
57,0.057170037532975705
58,0.1630972025938112
59,0.04615466817198259
60,0.1051018177851983
61,0.14202473021666098
62,0.0776051236436704
63,0.107305791027626
64,0.018969452754172896
65,0.025184663283687445
66,0.0764622996558989
67,0.10098062675772337
68,0.09803527008817536
69,0.07893303975003614
70,0.09791043285945239
71,0.04409639276109158
72,0.021628759931699992
73,0.06823228203676568
74,0.05573725928698665
75,0.08070413010958104
76,0.07470368929034012
77,0.12305172761708758
78,0.09640669683992512
79,0.08021331033130699
80,0.08777333623406144
81,0.08766706561570543
82,0.10124687772564896
83,0.042635009232081716
84,0.022046241908292328
85,0.029893609189441065
86,0.054087308859896197
87,0.11859942355492839
88,0.07307535076060351
89,0.09952100715026187
90,0.08798245868510558
91,0.04707168406873984
92,0.014386521885027197
93,0.08190483695254772
94,0.09026145733027151
95,0.07240520870804801
96,0.08157889319345527
97,0.048917658957090035
98,0.0683155535479279
99,0.06530296534547321
100,0.05531688588369194
101,0.0683411158856437
102,0.09371079976736434
103,0.1290843953078483
104,0.13727081801391705
105,0.06593353291697131
106,0.022885266225239023
107,0.04423017733649214
108,0.014355087210439816
109,0.08170545789993373
110,0.05283742639986347
111,0.043338428137656024
112,0.11070781767460249
113,0.06051959626529314
114,0.07719788607357425
115,0.1000671537879973
116,0.01892530075651714
117,0.03859800730543664
118,0.09491739827713046
119,0.08946530120601023
120,0.053634599802282905
121,0.08501507573995647
122,0.1728707442784346
123,0.24767257801703646
124,0.047848129860952576
125,0.046536442989795514
126,0.10834553378878915
127,0.030908136787717894
128,0.05614597531041255
129,0.07434627379610294
130,0.026637913899967725
131,0.05489143068793712
132,0.05689930905825991
133,0.06139114063954791
134,0.06206252394235792
135,0.07172519310456044
136,0.04229019473153379
137,0.06018463666216803
138,0.11098689606185372
139,0.07989216512581715
140,0.1001916692486685
141,0.15134187264253432
142,0.023532583813128657
143,0.043409180538385515
144,0.0997970680961318
145,0.06468961250421162
146,0.23769029845482997
147,0.08205628277632383
148,0.07596574198998832
149,0.07513619527157005
150,0.10748367088869233
151,0.037843710814453084
152,0.06013876859026562
153,0.0391654090397717
154,0.06616946622923708
155,0.05061827742296932
156,0.13950731157036259
157,0.09503983911012612
158,0.03900115992673756
159,0.2175969906103497
160,0.06501297449555557
161,0.21808315970206238
162,0.0756799587539269
163,0.07165648155530752
164,0.031139564914415024
165,0.12106056654746503
166,0.07739166082997156
167,0.06740162247977374
168,0.06355918418591402
169,0.10993100742316952
170,0.07051543157514854
171,0.0383787296784399
172,0.09305433780981501
173,0.06287265382143424
174,0.08190031594713146
175,0.24573450792594476
176,0.08023764303553525
177,0.11405137514641675
178,0.043243958238806744
179,0.25423103587491963
180,0.035904883999891064
181,0.2388918858518151
182,0.07428072862832727
183,0.07228843566342366
184,0.11783527053748352
185,0.15871284021823223
186,0.02490091826457128
187,0.044474882070760606
188,0.08753516701264226
189,0.06698094180064136
190,0.15782432442600777
191,0.05930257825345484
192,0.09239148188463081
193,0.049979139397783055
194,0.024314302999676726
195,0.06367869267473082
196,0.09832594522561686
197,0.060543504077495175
198,0.028203727176137287
199,0.11109596887160934
200,0.06516169467615453
201,0.02901479755388115
202,0.08058627734491161
203,0.05366112891890047
204,0.03548841407312965
205,0.088645097209235
206,0.1476845952035657
207,0.22416337763560384
208,0.0825442381196149
209,0.07023569720425848
210,0.020058368790467754
211,0.07373558823936215
212,0.07735452748762774
213,0.04219577053912456
214,0.05381886093235806
215,0.05033368155947086
216,0.005712391875411553
217,0.05545259286076968
218,0.11266396512563431
219,0.06318018640328717
220,0.04743354612484214
221,0.08397608913288243
222,0.08644733524820714
223,0.017860585544129576
224,0.04134617408262818
225,0.06635353642228956
226,0.05114328020006002
227,0.009851361878577583
228,0.07387646636718334
229,0.0205034619857671
230,0.06658344434869094
231,0.1046429457230232
232,0.07173586174794024
233,0.09660256511652346
234,0.09128879070855668
235,0.04979776216061225
236,0.1836021042384161
237,0.06893002783229095
238,0.21295211973454636
239,0.09076681242774405
240,0.05655243374722688
241,0.10064307717745277
242,0.054392222783192334
243,0.057255489516493514
244,0.10305481029827979
245,0.09578737823139123
246,0.05613916839307427
247,0.0480402927791942
248,0.06023734564327411
249,0.020326204186305652
250,0.07966839288550742
251,0.06689526429185512
252,0.05226364882421962
253,0.08271391549453307
254,0.08340124458897406
255,0.05565603795824764
256,0.060107090829423226
257,0.047249961481820306
258,0.07967717361051217
259,0.044930652029205966
260,0.026375715037851098
261,0.04313379263828463
262,0.06461157050206075
263,0.07241083689846936
264,0.1371692565621298
265,0.05693506316788932
266,0.02009206650268599
267,0.06988833537604969
268,0.16210284765716274
269,0.04450820060268667
270,0.13651519396632916
271,0.07396346340962513
272,0.17511426179127454
273,0.06443037315842384
274,0.26380928614530097
275,0.16525676436819184
276,0.09176916794927774
277,0.05591705893347068
278,0.03287579567557757
279,0.09179920199986255
280,0.17342625436707518
281,0.0926927660762915
282,0.04572162958218752
283,0.04705309225898051
284,0.4233185496009915
285,0.06695587131801434
286,0.044504552948126976
287,0.07283505605557734
288,0.051706290939725195
289,0.06186860485433176
290,0.23990852713391786
291,0.07434672296136019
292,0.1763358549883734
293,0.043695356442058304
294,0.08297436580394618
295,0.06053732366440543
296,0.06035676731149388
297,0.12744441175307097
298,0.07357810233826936
299,0.155798173317477
300,0.07776876812238614
301,0.12554229864946237
302,0.12653468285462577
303,0.06570562333874572
304,0.05667589770141925
305,0.08230291305862837
306,0.06825888826884749
307,0.15572786596806346
308,0.07292129950786028
309,0.07077327433204213
310,0.05059940041887699
311,0.09610175355459841
312,0.05276345513718713
313,0.0933177595528295
314,0.05661951605733545
315,0.05202828421838021
316,0.017731858263300176
317,0.033030453665449724
318,0.17851893004077438
319,0.13023886783972025
320,0.02634354109377581
321,0.06690618328698174
322,0.11431346667153662
323,0.044549646696868006
324,0.0687459072990048
325,0.061255565041802254
326,0.10105527978344417
327,0.10796585419238806
328,0.1793831936960137
329,0.21316568816521406
330,0.07216327367131073
331,0.019784119185634896
332,0.07209489366563489
333,0.1219194396785741
334,0.058692544122441244
335,0.07034590313575974
336,0.03594347720916185
337,0.07685101864651624
338,0.10821514661343704
339,0.0716406227142589
340,0.05498660057743398
341,0.04822981918285123
342,0.09799417275211736
343,0.057279924274424854
344,0.08120726384572154
345,0.06495233677213608
346,0.05990237467992157
347,0.05662207579833669
348,0.05886184103817234
349,0.07729181399576611
350,0.14398973011202326
351,0.154995722050867
352,0.12813176756624117
353,0.07449215656143114
354,0.04633679534436273
355,0.05156915617151012
356,0.039276012426654586
357,0.05416492167682023
358,0.05215795450070595
359,0.1005334850440603
360,0.07657702475962667
361,0.19460479879073747
362,0.06725956720440517
363,0.09727526369513732
364,0.10275295574201712
365,0.09549408963694328
366,0.11799806219904853
367,0.020735881064628085
368,0.038069571194967275
369,0.06844960658886073
370,0.06461751550331184
371,0.0863739187401245
372,0.03546050566657314
373,0.10279106908321108
374,0.021943080175623145
375,0.07144480644068009
376,0.05757564383339604
377,0.237680052412971
378,0.096296273559011
379,0.09705887944103647
380,0.10241252934697857
381,0.03312238843003787
382,0.03588753927282812
383,0.0928143328440444
384,0.038774495723798694
385,0.1395186442605782
386,0.058164646521157264
387,0.09989053190549306
388,0.02962651948750064
389,0.08245761656607135
390,0.07056187590129694
391,0.05553504999830092
392,0.05545511343806071
393,0.12260785523846433
394,0.06809895968685331
395,0.022570333776812564
396,0.03374709746071605
397,0.033250242525796385
398,0.13568168906290276
399,0.07626302076166976
400,0.23759347027576627
401,0.04340554640375239
402,0.09548639610620242
403,0.03831429910469165
404,0.05600466676297459
405,0.2247023845958322
406,0.09186527965402844
407,0.1573336370598174
408,0.04254890523188433
409,0.1660888299337463
410,0.11659782265950523
411,0.1524686310596685
412,0.12457566498457748
413,0.04918763840060782
414,0.10781831700817976
415,0.029759990116435868
416,0.05602101471373839
417,0.0
418,0.1451144368327585
419,0.11753600796439702
420,0.041231311061791266
421,0.05399683602604949
422,0.12458474129862925
423,0.21057030514736835
424,0.19011909438588534
425,0.01750913027576207
426,0.06336918105437318
427,0.044506914662692236
428,0.15531169896282604
429,0.2801566022530482
430,0.06721623019413976
431,0.02253005681516225
432,0.03108866000593933
433,0.08978260036917804
434,0.08117271855394623
435,0.008993321731777118
436,0.10521803143704817
437,0.12199449818952936
438,0.09081690348809728
439,0.010490639852915184
440,0.03134433801317656
441,0.0859426534079644
442,0.1314450616546662
443,0.08979338967059715
444,0.030378651186726335
445,0.04440270572005614
446,0.18389086928933032
447,0.053398512723011236
448,0.08127510398563279
449,0.1664290440948444
450,0.09003841879957719
451,0.07865380268091855
452,0.0501707783758561
453,0.23582449358161223
454,0.057955968593097866
455,0.08661512276855594
456,0.021532761865420448
457,0.1205671125399936
458,0.0300235958708576
459,0.10860085597006043
460,0.11974109977272433
461,0.04561359667441453
462,0.04768996617504061
463,0.1943238145888673
464,0.08584826937198403
465,0.01555902795531308
466,0.09086382696138434
467,0.062424679038289715
468,0.06009769196642486
469,0.05263042393068595
470,0.05837214266418915
471,0.0967201602075029
472,0.31247513219541534
473,0.12673488272952754
474,0.10293751961237971
475,0.0763496773698917
476,0.06349314315775823
477,0.18368637254348724
478,0.08766227134192932
479,0.03523838168399102
480,0.014089774584541977
481,0.05408218730693139
482,0.05261801773082092
483,0.12678982417995754
484,0.026955408190992743
485,0.14253159149955863
486,0.04331141777182078
487,0.07938938130068451
488,0.152152922396275
489,0.13269561139788366
490,0.02866855400625703
491,0.03103652453786217
492,0.020450136136694066
493,0.05720621774937374
494,0.06298577075893194
495,0.10821001592747655
496,0.08555957177400794
497,0.05141004211413003
498,0.018361669896869996
499,0.1661262149062746
500,0.06624730651191471
501,0.06690809260009588
502,0.08265940930941808
503,0.10681984812650801
504,0.08682997271205688
505,0.09453483109818768
506,0.023307974922709387
507,0.0929769289119247
508,0.12158450157269199
509,0.13491114897661902
510,0.10997833968493562
511,0.0896841423551891
512,0.21618437101625437
513,0.04442895258855134
514,0.1190499870862938
515,0.03771302630717932
516,0.1005399759329104
517,0.04940000885883472
518,0.08128481095096556
519,0.06427000200388754
520,0.02757756761881116
521,0.07970905834099341
522,0.12979499713962078
523,0.11002782180469725
524,0.06662545164425744
525,0.06523464120890433
526,0.07037019023968338
527,0.1665847393407366
528,0.07107250277945244
529,0.04989961424695441
530,0.01723234069939212
531,0.2671977819066181
532,0.044233478088795145
533,0.08596861523731146
534,0.07037005646580344
535,0.21420657506568763
536,0.11776224132503066
537,0.08467103338564595
538,0.07182226474627504
539,0.06359518413625406
540,0.09639717338163212
541,0.036290739373829504
542,0.05444877558915904
543,0.0431421151078354
544,0.1507320539074951
545,0.10666448765045801
546,0.16496619368296148
547,0.06478442911880944
548,0.04450083498797543
549,0.23256867904008777
550,0.049799295425512
551,0.1945377381797663
552,0.16668372393286507
553,0.10291687252889774
554,0.1066227566148895
555,0.10338254144561261
556,0.0907700956548336
557,0.03766465259899066
558,0.08922996077913734
559,0.03126684543360597
560,0.05122310967475632
561,0.07207261552584132
562,0.0840852758903576
563,0.049607704990853235
564,0.05039907997497311
565,0.041040537128899206
566,0.03004305563614827
567,0.0875539089540928
568,0.04896122569307128
569,0.04446774584796998
570,0.10994749682890743
571,0.15297844557999715
572,0.07322145099879879
573,0.04534663333450212
574,0.08250492918345687
575,0.11735111367124886
576,0.06760519339245852
577,0.016703798466867988
578,0.08037649913863235
579,0.07306092454466136
580,0.019625982745487745
581,0.19889058957157144
582,0.03661981792555858
583,0.19752633804420672
584,0.0597950013912836
585,0.08493662288113733
586,0.1887766921523785
587,0.05121254346075968
588,0.051904179942329064
589,0.16501275240479302
590,0.09272043023939713
591,0.08467943489030261
592,0.10088161322858633
593,0.1188043640731235
594,0.07132188413472697
595,0.022592708730082144
596,0.07608259693751544
597,0.03366917658426531
598,0.11802692257709488
599,0.054460241015329314
600,0.16865704126970743
601,0.06188097659289681
602,0.22956730268328096
603,0.13187898165473447
604,0.048485234146532864
605,0.09937052957337343
606,0.049080364457612574
607,0.09670913979770421
608,0.058876560884711424
609,0.11301642866109621
610,0.09426440848671527
611,0.03313185860984444
612,0.07556724570160162
613,0.07183456080600242
614,0.22892954789057557
615,0.09110153664629196
616,0.05578607821632442
617,0.06789011015565746
618,0.14595351939636572
619,0.10542579603113476
620,0.0748322233446135
621,0.04949364249161732
622,0.18991966030993881
623,0.09477195143709816
624,0.02707176347870077
625,0.08774394488678397
626,0.08702387025267207
627,0.12990594668439373
628,0.13187815639695163
629,0.009710650773662104
630,0.0519772542365987
631,0.11601575260149741
632,0.19628814313874915
633,0.15258502727369067
634,0.07798417399874703
635,0.037739411919250766
636,0.05547445280347817
637,0.04004674786749582
638,0.08167347015790914
639,0.1001619890908511
640,0.12856049863234095
641,0.07864633915532115
642,0.10240421913751759
643,0.08595356795594855
644,0.05931098736655423
645,0.05922782237392781
646,0.03511030814888266
647,0.032114847744829124
648,0.05850888592023892
649,0.10575340740861483
650,0.03226680854478703
651,0.04107191728480361
652,0.05149934795100593
653,0.05291514796581089
654,0.011243461126063715
655,0.11800113107705769
656,0.07197497094414898
657,0.029883503206813204
658,0.06502366099919438
659,0.06752499083865143
660,0.14438818322584474
661,0.10244805494003628
662,0.05715706540971361
663,0.14042512110033692
664,0.1014831131288352
665,0.1741191288326775
666,0.045022451060512086
667,0.13097165707360298
668,0.027942716114518918
669,0.13551258824198917
670,0.08016500134155978
671,0.12421307528637185
672,0.025308931579378142
673,0.02934367986365476
674,0.0364056784057988
675,0.07074790223290545
676,0.0760755335725278
677,0.05260049544774545
678,0.05842793658105914
679,0.06987382914224967
680,0.23940510674146817
681,0.15508803769894658
682,0.15966593079865876
683,0.09395457778279213
684,0.11411080447027833
685,0.04223485778166631
686,0.0843894480665927
687,0.058657348313708065
688,0.10555394777134579
689,0.09115693763429038
690,0.019716211641312445
691,0.07860707104571729
692,0.07765214933188622
693,0.04954075043456242
694,0.12673295391888806
695,0.20205414587006781
696,0.08774263522518341
697,0.03757491943591061
698,0.06818366425463374
699,0.09057904376009489
700,0.04801610253415073
701,0.15579483046697415
702,0.059021904607187224
703,0.12174883716645106
704,0.041242662747499374
705,0.0780729197649825
706,0.04007512508863964
707,0.10398514092985353
708,0.09660558404242066
709,0.09217643403024889
710,0.0636551892172133
711,0.04094017336942413
712,0.03759201018015416
713,0.06683791632616858
714,0.06056884594746048
715,0.028015240893685303
716,0.09783130893917386
717,0.04014736114003758
718,0.1376182729298917
719,0.16445487083439997
720,0.03329129628434252
721,0.05182950027073161
722,0.09966059203859869
723,0.0827636138013716
724,0.04915361717095505
725,0.03438115820048551
726,0.03159804315561973
727,0.07434761673633208
728,0.04443230165042958
729,0.04415278515906533
730,0.12953777169555591
731,0.07257819806133103
732,0.17549374601974896
733,0.0675111027957691
734,0.06985443729472388
735,0.0848587226212722
736,0.05762917897310195
737,0.05044140663188422
738,0.1274728819219174
739,0.047156917616668265
740,0.2178466444023064
741,0.07661258202367849
742,0.03418816110673996
743,0.114195490203691
744,0.04096589949153599
745,0.051462785965552454
746,0.0926430183519301
747,0.13987598119493216
748,0.15429795058744222
749,0.03744470439148509
750,0.10403420113512128
751,0.04502642386500201
752,0.058753552009928
753,0.09095088940943999
754,0.0947129002658079
755,0.07496432876515
756,0.04339926970315614
757,0.0170515362339088
758,0.07769206176706848
759,0.05169510156575177
760,0.1120438223929436
761,0.04316151121883395
762,0.06728767271424643
763,0.03256267783525243
764,0.03576428132746609
765,0.08239814918052517
766,0.0752894213755917
767,0.04318994849536217
768,0.10716534752028697
769,0.12339552367357953
770,0.016427235233823476
771,0.06681889677925915
772,0.05770930119507212
773,0.0840793086786738
774,0.08146880647234947
775,0.02138546915045001
776,0.05674320154875445
777,0.056420347883344005
778,0.015360654614569843
779,0.03247081778597934
780,0.06416321955575703
781,0.04823757404522032
782,0.09696779318720404
783,0.07527434593776394
784,0.05110546024639144
785,0.17996295828318737
786,0.1477705085905464
787,0.10572595058949551
788,0.06353560017055006
789,0.1380784887344314
790,0.08036930045273952
791,0.07338141036934724
792,0.012908173268278849
793,0.10275481760723304
794,0.11930972673340634
795,0.238756841119172
796,0.02725606185752048
797,0.03646752486171727
798,0.08875051399832794
799,0.1629753479026578
800,0.03816399726494585
801,0.19405156588026753
802,0.0469367925381356
803,0.2663271063115819
804,0.0733751144702961
805,0.013050958199470195
806,0.10433895962666327
807,0.06240741572193864
808,0.0878244223877217
809,0.06678394106181784
810,0.13949222165976244
811,0.0761308775191949
812,0.0829848555517423
813,0.1123394299467339
814,0.05383211437434751
815,0.1611524495176951
816,0.05026455166034082
817,0.10473427209032485
818,0.15657102881678034
819,0.13236501650525656
820,0.09991690711721399
821,0.056394564411302424
822,0.06862909495684454
823,0.010841780277541326
824,0.057726903330541465
825,0.1291227881152479
826,0.0899928956079244
827,0.10065951400800492
828,0.06947026264897639
829,0.04594340676435128
830,0.046347893511874405
831,0.1193676319838987
832,0.046875875222533774
833,0.07932337865529583
834,0.08614085816136804
835,0.15596528596610607
836,0.15907749207552382
837,0.05598855381378962
838,0.04280894458299253
839,0.03475051531502549
840,0.10659992822765592
841,0.05712206490610517
842,0.052574635141971506
843,0.04276758948185151
844,0.11538158872012534
845,0.07917179429927163
846,0.054333819548074744
847,0.06523015988870474
848,0.19655011063562447
849,0.06589716136589925
850,0.08717033921580404
851,0.07416905501802357
852,0.0649489671023724
853,0.09225881810623893
854,0.03250239517410227
855,0.04152321094972517
856,0.04930157884871956
857,0.04394560694825291
858,0.09673592455761681
859,0.03862569317630138
860,0.022319107309484717
861,0.04023324686667168
862,0.03337135799851181
863,0.22506483892678494
864,0.0677452787259827
865,0.09662336856969989
866,0.0768148233454285
867,0.21693885989141315
868,0.09396002698136571
869,0.12053782710288544
870,0.04109259135869626
871,0.05823151155560831
872,0.09929102718019203
873,0.1537318100382343
874,0.14472278158353438
875,0.030989071373927975
876,0.13589507199785772
877,0.04756498385810068
878,0.03513217686532884
879,0.09768722373206822
880,0.06807363757093796
881,0.11313525854435419
882,0.06663090874182709
883,0.030611916504604823
884,0.07357293412439081
885,0.22525244608890627
886,0.08196539027672521
887,0.05523967054791943
888,0.13503082887221182
889,0.08451393403727504
890,0.031118854475561213
891,0.05563098154483833
892,0.046490540140805045
893,0.035513623722354795
894,0.03930888076101054
895,0.1338800238756119
896,0.0385405770992003
897,0.11185949105973456
898,0.062299044989099044
899,0.03762097140485549
900,0.06057179284741001
901,0.2038529222052347
902,0.03172902629531993
903,0.0975859694178511
904,0.05250468503785236
905,0.04812103161549015
906,0.0650761056172751
907,0.09624053898514572
908,0.08351593806842196
909,0.05711263520218781
910,0.06469731211307608
911,0.04840853281970297
912,0.05115704064118038
913,0.022242764561030273
914,0.1948792491520273
915,0.030961745664223744
916,0.07470444161719092
917,0.17690702784993118
918,0.045831081512187316
919,0.11757723011221899
920,0.1973460369975329
921,0.08510813728437693
922,0.049210091629463826
923,0.2701482566797709
924,0.02671973059813511
925,0.04789762106900822
926,0.06645493064231857
927,0.0716245752098568
928,0.05218018571251838
929,0.10197401245827319
930,0.13159323351872054
931,0.12033233569746349
932,0.12179518409522566
933,0.07794712158879363
934,0.21217153822583168
935,0.048205088727963204
936,0.05913134667703416
937,0.06865014815072049
938,0.1339182099767626
939,0.03721927573245891
940,0.0833274934460836
941,0.07858875545888265
942,0.16485962301559678
943,0.06728766806058195
944,0.13085038753386372
945,0.02054024921031292
946,0.07851249862230529
947,0.03609792518785302
948,0.0471062359749689
949,0.0827867766154726
950,0.10921327964281335
951,0.06632569132914741
952,0.07155381741182366
953,0.11605841211009585
954,0.029293489710507083
955,0.09050639178745584
956,0.06865323269955192
957,0.12808069336140077
958,0.09030191258477413
959,0.07440675918240575
960,0.07431786310247625
961,0.05183177279947591
962,0.06796413122541631
963,0.07371046687554829
964,0.12504523723338895
965,0.04055019213215476
966,0.06129913485041216
967,0.06256863875056182
968,0.04566394812339522
969,0.08498110749992799
970,0.12948941832599747
971,0.0691568878972712
972,0.08790976396029421
973,0.10695888491374958
974,0.1136728174997203
975,0.08869263860500275
976,0.11337119938601851
977,0.021064000170136835
978,0.040048338582086764
979,0.11343809701278156
980,0.07000031151097923
981,0.21974253939271357
982,0.03796715854435872
983,0.010061563374813572
984,0.03632499901796583
985,0.11246522575150816
986,0.12321589231631319
987,0.05346426945335538
988,0.07974071125718955
989,0.02947797561635359
990,0.04129135642042571
991,0.20266403260061047
992,0.2943719909629645
993,0.09725256147155273
994,0.05386496918664051
995,0.1029547376279714
996,0.06012573142986223
997,0.16213397586133702
998,0.019734337763410333
999,0.08655066405614338
1000,0.09423117183259626
1001,0.05986052370947231
1002,0.08897423084704692
1003,0.05317688537009362
1004,0.07582444133037144
1005,0.08539707481752336
1006,0.20514036187764434
1007,0.04322327803583988
1008,0.06728009442325605
1009,0.14382862004793942
1010,0.07218066357387887
1011,0.0910950845676284
1012,0.06731566551574314
1013,0.13666274313931187
1014,0.07948898085177034
1015,0.1554521244733038
1016,0.05453954783220273
1017,0.024409680744879765
1018,0.05771911238221621
1019,0.09621643101682258
1020,0.03670118251952215
1021,0.22746010799302838
1022,0.05966148772439761
1023,0.07236772549166556
1024,0.0727614277405686
1025,0.06304990697374993
1026,0.2831959177142825
1027,0.04822040786613119
1028,0.05471512740061342
1029,0.035307015178449884
1030,0.10892401839507124
1031,0.03113026887653971
1032,0.08223135183453428
1033,0.10668652820779122
1034,0.03991877581342335
1035,0.04900288881612601
1036,0.0356175574696768
1037,0.15167460646005618
1038,0.032318439290641945
1039,0.11707158445267216
1040,0.029875322179300244
1041,0.06013394819535828
1042,0.07936136701773651
1043,0.07141353267614617
1044,0.05872900437334307
1045,0.02217058765073786
1046,0.04777919739925246
1047,0.06530990466392099
1048,0.07939293425575071
1049,0.08220127270663824
1050,0.03139911362784456
1051,0.08362496955957112
1052,0.059114962110304016
1053,0.045682832899123324
1054,0.07196511533530017
1055,0.20338697924289634
1056,0.07140842111304169
1057,0.10458670077077391
1058,0.0510849368042606
1059,0.04547783673220617
1060,0.06376294373742818
1061,0.05374831938624593
1062,0.06477944285913467
1063,0.12717204849120492
1064,0.10426509305866383
1065,0.03969698018387325
1066,0.06799666661350826
1067,0.06649887776234413
1068,0.04625271961388104
1069,0.14514844182823655
1070,0.07012591516519201
1071,0.1209827675561789
1072,0.020567524764120475
1073,0.037789843171708956
1074,0.03562959761061173
1075,0.14433711997773757
1076,0.06443266101658088
1077,0.05136014739748792
1078,0.07817510943269736
1079,0.08532318871259836
1080,0.041102367855595276
1081,0.07796440274103177
1082,0.07219296845624051
1083,0.08029844591008066
1084,0.049097994013948654
1085,0.06254555481544082
1086,0.07864985948114582
1087,0.11131542825547429
1088,0.12340525195669635
1089,0.07728874577350983
1090,0.07635072313574362
1091,0.028808493982881406
1092,0.13452108493184306
1093,0.05357930738127098
1094,0.13469556954081136
1095,0.07373994895201862
1096,0.03143479245426574
1097,0.06253088410987137
1098,0.08519521764532224
1099,0.10825272181281304
1100,0.06716665047124044
1101,0.09793693142320557
1102,0.049952905396482034
1103,0.06344199213453844
1104,0.08672103941966619
1105,0.10750784872459833
1106,0.07976673582479372
1107,0.06226873057382441
1108,0.12308459834537694
1109,0.03753820171611824
1110,0.028422641322134456
1111,0.15848919102329978
1112,0.16429016594486634
1113,0.22256389100334492
1114,0.16531171216276386
1115,0.012503211460560895
1116,0.09695142401373964
1117,0.17878722745465903
1118,0.3593188859231974
1119,0.064395898078769
1120,0.03907551973408953
1121,0.07796092684905039
1122,0.08966469954417763
1123,0.08755861648652678
1124,0.05218076638027009
1125,0.09593146545802121
1126,0.09571997001755456
1127,0.04836786962175291
1128,0.024938331039080663
1129,0.21972715955626493
1130,0.08231478421520391
1131,0.08690184098528932
1132,0.2854635809503211
1133,0.08550347554230708
1134,0.04289693523126088
1135,0.07734892922539142
1136,0.062343928965592106
1137,0.15062586161803124
1138,0.06395376483440347
1139,0.11587282464181671
1140,0.04981987782227504
1141,0.035008553733188945
1142,0.09663634752223618
1143,0.05786279907445905
1144,0.06558781722811961
1145,0.08046179378678807
1146,0.11254952124130313
1147,0.05165100955622928
1148,0.05837612991384409
1149,0.08020225542793792
1150,0.13295519282020057
1151,0.09126247694597932
1152,0.07338188871690056
1153,0.08464320339582572
1154,0.04258622390525346
1155,0.06694430599043463
1156,0.06876908492185821
1157,0.13704778377981122
1158,0.04541018819527546
1159,0.049048919234463105
1160,0.029524400025845412
1161,0.057963466255624166
1162,0.08797232227729634
1163,0.08743674158334896
1164,0.02693305546943229
1165,0.03926168468506627
1166,0.03563710445935431
1167,0.10791169595606137
1168,0.036341296865277595
1169,0.05495515202145899
1170,0.04097479275584373
1171,0.0767023167870463
1172,0.06260860477594392
1173,0.0573965062097072
1174,0.035825579632583836
1175,0.12956999204515496
1176,0.064338602855188
1177,0.06205680165549021
1178,0.0878514025057268
1179,0.16219657197926288
1180,0.11362622716314014
1181,0.060818864409764334
1182,0.034265260179954155
1183,0.09565709343909926
1184,0.12831729554340526
1185,0.07792364125030037
1186,0.10907147778683036
1187,0.14042101685831715
1188,0.0706243947249981
1189,0.019387415399617546
1190,0.06820399666157728
1191,0.022452835168848138
1192,0.15825082006575303
1193,0.1171700668995827
1194,0.10866048527301489
1195,0.049483074210881356
1196,0.0754910709789756
1197,0.038856222006269536
1198,0.08286724219452518
1199,0.035841833992196294
1200,0.05951029421077941
1201,0.08846749029307725
1202,0.010977135138793004
1203,0.0486729196903397
1204,0.12243239615190332
1205,0.16360073083097582
1206,0.07616629163914207
1207,0.10513047319605148
1208,0.013894363587744431
1209,0.046684498403385837
1210,0.04738220442128333
1211,0.10255108449301033
1212,0.07469028102858283
1213,0.15729584230940363
1214,0.1021249848297006
1215,0.08852092989383643
1216,0.04940606930208735
1217,0.0683826252489963
1218,0.1528374665219498
1219,0.07881539304410674
1220,0.09904292078430578
1221,0.046451602377071244
1222,0.1279817502598333
1223,0.036571680158738705
1224,0.037810323443674285
1225,0.11536744304686873
1226,0.07361641635608644
1227,0.05475431946712492
1228,0.18174701612819988
1229,0.09834305503083654
1230,0.02620852063068085
1231,0.036169060968023574
1232,0.05829904736902426
1233,0.0809845583415334
1234,0.14065473931161263
1235,0.03127358759747759
1236,0.08574431887485655
1237,0.013810500994961464
1238,0.035729427980338166
1239,0.10504448982933992
1240,0.018372192872445958
1241,0.06977264574787485
1242,0.16480370735499297
1243,0.05554320684997512
1244,0.11973885665811154
1245,0.05932054903859783
1246,0.08270579414696753
1247,0.1321051347470271
1248,0.06343316445498953
1249,0.08200895758982478
1250,0.07480195471288813
1251,0.1312677877529831
1252,0.22485362259593528
1253,0.047646005668183805
1254,0.09260509569553074
1255,0.062162553908761936
1256,0.06112234866006841
1257,0.04889183373667599
1258,0.053847771950970846
1259,0.09339294022961893
1260,0.07765820877565155
1261,0.09355668440179091
1262,0.2013977739925224
1263,0.1159025917712229
1264,0.09313666879540704
1265,0.12012402265424746
1266,0.05624616619971422
1267,0.05637380532897867
1268,0.010193839561763889
1269,0.17720328167317556
1270,0.1207071179941242
1271,0.08897241306910225
1272,0.11005391055046555
1273,0.051625980735298706
1274,0.02539821991361079
1275,0.0674344551475795
1276,0.02993955477493608
1277,0.041922471378597614
1278,0.08590295367961563
1279,0.05935647861600182
1280,0.11103906896865928
1281,0.017511539569584175
1282,0.02202412928977794
1283,0.044329621445184306
1284,0.10928000219370752
1285,0.07399838207151423
1286,0.037059846855461494
1287,0.0946877390978295
1288,0.053939921836271554
1289,0.06393361509636862
1290,0.09642907682160438
1291,0.04553002967420794
1292,0.04636142218430479
1293,0.04974238996133748
1294,0.0768577599962727
1295,0.12538875759601298
1296,0.1251206311763201
1297,0.05125575037122423
1298,0.03938165001335888
1299,0.062065032606869984
1300,0.08505588799632077
1301,0.055686680430686766
1302,0.08006388082055355
1303,0.1081673157214521
1304,0.04550471681509854
1305,0.12108250662681075
1306,0.06768031400588863
1307,0.06547531943642156
1308,0.1314937711572434
1309,0.04696639412207469
1310,0.10751009806276846
1311,0.07246857023474654
1312,0.03915188116158599
1313,0.19242987874999118
1314,0.07241085942614675
1315,0.16897300800398377
1316,0.04220544654667681
1317,0.061796838600200556
1318,0.04910410457214637
1319,0.10463385414288594
1320,0.06364970153270826
1321,0.07111347166243061
1322,0.17027921432193177
1323,0.07972597721479636
1324,0.08429796896432654
1325,0.10147884685018652
1326,0.0619665327691807
1327,0.045003137225049936
1328,0.07046365291857312
1329,0.2075346030707248
1330,0.23118241885022334
1331,0.056218124561856084
1332,0.05787585103858179
1333,0.07582846644250797
1334,0.047984094198011085
1335,0.04435998562467663
1336,0.04282533243041771
1337,0.05874262587943121
1338,0.12305674513197079
1339,0.07454146428463168
1340,0.04778196502422529
1341,0.058261399708663834
1342,0.08375211124526949
1343,0.03005489807977186
1344,0.10345131490944214
1345,0.08099567183426755
1346,0.08765318283901671
1347,0.10346240806201881
1348,0.020678953713292453
1349,0.02613271070196074
1350,0.20076702468268054
1351,0.08234163010287596
1352,0.052392783238962265
1353,0.10275557213441937
1354,0.13806966909371746
1355,0.05308869384703449
1356,0.051170517735736665
1357,0.05251823103705266
1358,0.027483113589633172
1359,0.12667761886348136
1360,0.10849187870777838
1361,0.11460741958852386
1362,0.03893101096738948
1363,0.07142891685646893
1364,0.07316754063464556
1365,0.04830228325810069
1366,0.080012947954703
1367,0.08596848695436199
1368,0.0435242142611328
1369,0.03819890497796932
1370,0.06349854296819826
1371,0.14030991756239453
1372,0.1492463704411184
1373,0.04384143990683392
1374,0.022369665640230914
1375,0.10721826532025597
1376,0.036448025643323334
1377,0.05060545288971746
1378,0.1212756378590393
1379,0.09177037738600485
1380,0.09519398397206436
1381,0.07067087088253143
1382,0.13269926760420503
1383,0.04395987992064824
1384,0.050701559246932926
1385,0.03822397507355403
1386,0.053773082395140066
1387,0.0652309613828416
1388,0.11867995755983127
1389,0.042583426825227054
1390,0.009312890781294
1391,0.2546014223393211
1392,0.06840416841212202
1393,0.07907902278747403
1394,0.04572032279201568
1395,0.12190528776867834
1396,0.02846201255414612
1397,0.19189950977313175
1398,0.14990966271384193
1399,0.029732895759526846
1400,0.049142670827982855
1401,0.10250172549600337
1402,0.08180778414378292
1403,0.06086768297232692
1404,0.04598888300464826
1405,0.08318918907633077
1406,0.13704655061820042
1407,0.021191853877278836
1408,0.03775846131070807
1409,0.09230423989529658
1410,0.05109531237572704
1411,0.16488064060478028
1412,0.11313245667534982
1413,0.05036978040088441
1414,0.061392286444844256
1415,0.08584908898939925
1416,0.1122326599877388
1417,0.06461962382281236
1418,0.04992410770941713
1419,0.07440711504180224
1420,0.06959163199465151
1421,0.03187619005532816
1422,0.11077165079745399
1423,0.13238887257559973
1424,0.04727798056961655
1425,0.03522663545597188
1426,0.023063927919084383
1427,0.0522832064827103
1428,0.044123126940919424
1429,0.03113351409485046
1430,0.06403959144429593
1431,0.00888957666038092
1432,0.06579574838956147
1433,0.025842127786397016
1434,0.06967147816572469
1435,0.08685587968055637
1436,0.10571244646323102
1437,0.07395128373994027
1438,0.05097941139364796
1439,0.058025827879689816
1440,0.05100887085593657
1441,0.09188094378845026
1442,0.03168274112283879
1443,0.11687314011946094
1444,0.14917438989157225
1445,0.04185470998261359
1446,0.05009980582423092
1447,0.043100094095454886
1448,0.06034083828037154
1449,0.10507511419527027
1450,0.06221982332421734
1451,0.0966704600425818
1452,0.06741726014144338
1453,0.16741820949246583
1454,0.11321659678012091
1455,0.043386049226428795
1456,0.0691566545069425
1457,0.07931727437514263
1458,0.07103925920992768
1459,0.21532966776865262
1460,0.04728892516398163
1461,0.03759207687665016
1462,0.03690370552882665
1463,0.03981449040151623
1464,0.06160939313555645
1465,0.06152857588134666
1466,0.12363596678047269
1467,0.08767537613556042
1468,0.09005411078045696
1469,0.07642984480043663
1470,0.04996425043231534
1471,0.10562727004028014
1472,0.09551858638168954
1473,0.07855693263865104
1474,0.05474192836856332
1475,0.14630355940832696
1476,0.07152870351608498
1477,0.03989647203205686
1478,0.048314186487015694
1479,0.03550039185545416
1480,0.0822231699318537
1481,0.09593244576858574
1482,0.04248319095578543
1483,0.12417736073374538
1484,0.07849219275327117
1485,0.09013052619600874
1486,0.048597843047880396
1487,0.05767243073066072
1488,0.1679654317813531
1489,0.07959147750422584
1490,0.13607406014859585
1491,0.02035245243615382
1492,0.029895050917360732
1493,0.048099276428441994
1494,0.03233493496701192
1495,0.14020408213466784
1496,0.20730784860032395
1497,0.02802149736517465
1498,0.025760807143684873
1499,0.08047254068719141
1500,0.06042699799422038
1501,0.09717673041418479
1502,0.04921437928753658
1503,0.01399904898163657
1504,0.06954638085556875
1505,0.05986035247486084
1506,0.1152714476176944
1507,0.05505071239644108
1508,0.05590925947962501
1509,0.06851911706974631
1510,0.0748405345979397
1511,0.06659722621932959
1512,0.10266364220748084
1513,0.09773935868526924
1514,0.026931856023705937
1515,0.0424177277149153
1516,0.02364633747829187
1517,0.0277785757520043
1518,0.04979279609296677
1519,0.16510611183790475
1520,0.2080143951602653
1521,0.06469507529486646
1522,0.10774425256733335
1523,0.1858877887404493
1524,0.21807592054641717
1525,0.06960514010778152
1526,0.13587919283159516
1527,0.1855144634475442
1528,0.05799094646067345
1529,0.03595070848754306
1530,0.11223121752942038
1531,0.11931540973193291
1532,0.009264999771191905
1533,0.028049149123152654
1534,0.05363158583679489
1535,0.08850774731531741
1536,0.14368967364305882
1537,0.05108670710301406
1538,0.12337315329753151
1539,0.05541207906966106
1540,0.06596454170937724
1541,0.04760990974462196
1542,0.08579885519898989
1543,0.02608101102633801
1544,0.04441968280505505
1545,0.05090283941530098
1546,0.09193777213185492
1547,0.052534665234310246
1548,0.09235044880705388
1549,0.13413338179269685
1550,0.056308663682127814
1551,0.1099492127203312
1552,0.04050681438897651
1553,0.025063043620754285
1554,0.10354652503097737
1555,0.10156306106435702
1556,0.19549902696268778
1557,0.08828857235693441
1558,0.06775729065458715
1559,0.05516356110622828
1560,0.030676516336667452
1561,0.05377087454963189
1562,0.046231337269515914
1563,0.08813607363259679
1564,0.15046995126012785
1565,0.09292173288227028
1566,0.1326522761942796
1567,0.03954051131454877
1568,0.09692630620659264
1569,0.13054482243416304
1570,0.07459286179234469
1571,0.11325287607856219
1572,0.08169134461574643
1573,0.05281829534592691
1574,0.050013102446280926
1575,0.04684178733211443
1576,0.07609769429809299
1577,0.02271703527483798
1578,0.047833807258136074
1579,0.19820754438870386
1580,0.16005396771980476
1581,0.04211581960188766
1582,0.10315908820942436
1583,0.037950137757687644
1584,0.04620469030875175
1585,0.03061217212092788
1586,0.12389158620182891
1587,0.117075655633636
1588,0.09929608025821975
1589,0.13473917778717817
1590,0.10218203472089818
1591,0.047550858207590876
1592,0.06147759063110239
1593,0.1747003982870935
1594,0.07965121477212034
1595,0.03156024772608578
1596,0.1262706439956946
1597,0.10201545215464643
1598,0.03564213322675695
1599,0.037928873663573
1600,0.024554538316406933
1601,0.06436419769169853
1602,0.07350814406785361
1603,0.050378109104492454
1604,0.06089223143457919
1605,0.10734577239821791
1606,0.06364928123221436
1607,0.013166517832092594
1608,0.06375995515545044
1609,0.04645291224049575
1610,0.13379868230250289
1611,0.07869865814813405
1612,0.06952713023465734
1613,0.26280809271790195
1614,0.1134702505507029
1615,0.022780495121958018
1616,0.11891945106583288
1617,0.062437043934426964
1618,0.035747342168461
1619,0.04841999985205514
1620,0.12930475331343114
1621,0.11645033862295084
1622,0.06203155946624165
1623,0.11350401206374157
1624,0.07788179518035492
1625,0.03719662243877182
1626,0.05649673377193383
1627,0.04169405763743299
1628,0.10329813518928099
1629,0.18573877567693403
1630,0.058832811804797984
1631,0.12976035085522392
1632,0.05273598253715563
1633,0.10585983087897681
1634,0.05348511624634338
1635,0.04385361746683507
1636,0.1519202060845723
1637,0.03049866100933255
1638,0.18840681478451654
1639,0.04370212180659215
1640,0.16406759869763027
1641,0.0324267299420397
1642,0.05664100674010267
1643,0.07387550514319653
1644,0.08229639805843554
1645,0.0471413963200532
1646,0.0750291779998583
1647,0.06639838024345093
1648,0.07123033295860177
1649,0.09731035221836669
1650,0.028469751241539876
1651,0.10121372582458579
1652,0.3268361169756822
1653,0.06270930074387812
1654,0.025590970584274626
1655,0.11129107771697316
1656,0.049620919563300885
1657,0.030941022742890196
1658,0.11525300002555429
1659,0.06389335065399494
1660,0.10242408607982537
1661,0.04545679534828688
1662,0.0776635406058625
1663,0.023042113008699048
1664,0.0724147133748945
1665,0.05106952434387538
1666,0.04853195421654423
1667,0.13761114922768822
1668,0.08604993339716978
1669,0.03649490538780206
1670,0.09478980249593201
1671,0.06617867515563543
1672,0.14541111073506324
1673,0.08414884037798204
1674,0.07634209074278776
1675,0.01478195903844512
1676,0.05883687630661882
1677,0.11124120383790237
1678,0.043654277386731465
1679,0.07865261928608927
1680,0.05957435472402876
1681,0.06265034053426062
1682,0.030799437759198144
1683,0.11862802094264942
1684,0.06749738622543613
1685,0.10946423050178905
1686,0.07177736732592323
1687,0.16245785344833308
1688,0.023822128129229507
1689,0.07904088589046866
1690,0.023888398171333078
1691,0.01808290466924566
1692,0.004269736845545352
1693,0.022780495121958018
1694,0.207098755465441
1695,0.04937499526053237
1696,0.05995133472442987
1697,0.10589371668122698
1698,0.055661428957607464
1699,0.08793453261753534
1700,0.1629997888655328
1701,0.10577844766460628
1702,0.1043471182511256
1703,0.11752611776437685
1704,0.07070062964291306
1705,0.03259557790093652
1706,0.12612060788489052
1707,0.11152162531544763
1708,0.03793501813036991
1709,0.07166522046331492
1710,0.14300911079356168
1711,0.05946114861037855
1712,0.054900027168313936
1713,0.07278225555978336
1714,0.08300155789924543
1715,0.10054592531931227
1716,0.053002736271265324
1717,0.05823095590674406
1718,0.04521244518949983
1719,0.08182195758160404
1720,0.07185055466142323
1721,0.08679150752812871
1722,0.07243367838575436
1723,0.0507113690666577
1724,0.1546988650234411
1725,0.025801829809322486
1726,0.10907815315205134
1727,0.10538920843386475
1728,0.10931330803565213
1729,0.04540815637851926
1730,0.05045639638879225
1731,0.08610675595371416
1732,0.05299143616379952
1733,0.06512309409760776
1734,0.09778406704845771
1735,0.036035318473341
1736,0.0764953137262636
1737,0.08297834857427691
1738,0.0614337257835756
1739,0.10182614021290504
1740,0.09803558202379242
1741,0.049674443334167075
1742,0.12256778605561507
1743,0.07631422113948287
1744,0.04545256337892108
1745,0.08160989146308953
1746,0.08133128166174013
1747,0.048690412131245
1748,0.08089622418953747
1749,0.07820405365330016
1750,0.19842236989166828
1751,0.09548392624079224
1752,0.09165120610971769
1753,0.10471319318796601
1754,0.10951929700536915
1755,0.05476297852850563
1756,0.10530996935819414
1757,0.10873957300802584
1758,0.03074435759392017
1759,0.058504385612245156
1760,0.1047770645622675
1761,0.05556670882824318
1762,0.018916384554478718
1763,0.08109393647688774
1764,0.05242369988802724
1765,0.05688582142887447
1766,0.025744108131144725
1767,0.07480721163292937
1768,0.07676930563297757
1769,0.04545060982766219
1770,0.08047648867771029
1771,0.07019800997030362
1772,0.019916860700720764
1773,0.08128962134860093
1774,0.07568100176574273
1775,0.16038672953264066
1776,0.0682896963336361
1777,0.08028762094490495
1778,0.0170568604687036
1779,0.037531605576467265
1780,0.028147697214144788
1781,0.08026172154391845
1782,0.09581768507451394
1783,0.06113536464981902
1784,0.04822192107281758
1785,0.0391131694015751
1786,0.10270349425421839
1787,0.039332305653720305
1788,0.062197275731754834
1789,0.07947081031745303
1790,0.05160799143465667
1791,0.10904692963657976
1792,0.0733646865663248
1793,0.17663394320114664
1794,0.06327221102874712
1795,0.044409358288088535
1796,0.0758504279971785
1797,0.03131787042440975
1798,0.054864514234164746
1799,0.06595705678236302
1800,0.0725551072493576
1801,0.07885506339223151
1802,0.05329189555852534
1803,0.05051455617926594
1804,0.09530002068689461
1805,0.0483522632169956
1806,0.08631934890569841
1807,0.06348696051667924
1808,0.046450435998382486
1809,0.07481075959823896
1810,0.146289576015429
1811,0.035714075227383596
1812,0.046911562363372565
1813,0.03842949279789343
1814,0.14235309443349448
1815,0.037902075704819425
1816,0.03684592312037403
1817,0.045185587616892814
1818,0.05806349572304177
1819,0.15325067992722433
1820,0.11787120275402138
1821,0.03667197225067439
1822,0.01479127177217525
1823,0.0686864785085344
1824,0.03752930177483986
1825,0.044857979223697546
1826,0.051405926034498894
1827,0.10858358386347879
1828,0.08761381247512592
1829,0.06812421497445194
1830,0.1445708482971419
1831,0.10715015878599324
1832,0.03763719233648061
1833,0.2958203220392957
1834,0.04344111591243224
1835,0.05711289127146048
1836,0.10103578460075613
1837,0.17010335629602447
1838,0.06505698654166678
1839,0.09760765129301426
1840,0.1512301433739349
1841,0.09474830104762397
1842,0.16701460036941915
1843,0.09937065684655838
1844,0.01678389421484942
1845,0.02797385152372478
1846,0.06265869673673516
1847,0.1136612724990834
1848,0.06669883600171073
1849,0.07432651993994871
1850,0.0943035188314473
1851,0.09233375693671522
1852,0.052128282262894086
1853,0.11731336200089168
1854,0.035200288310489346
1855,0.07207146932682648
1856,0.08818995057448831
1857,0.03572876871089506
1858,0.08628218692161446
1859,0.07138841156017388
1860,0.04399362856243571
1861,0.20428645387162267
1862,0.03206488291972936
1863,0.04329430730602198
1864,0.11356379975192527
1865,0.09950551882135268
1866,0.05311922713694106
1867,0.039752113629592745
1868,0.08955023207242997
1869,0.06207877076505736
1870,0.03638460538646928
1871,0.05062370970903625
1872,0.09892220448579972
1873,0.16134801296545376
1874,0.009408177967577454
1875,0.09574405849176125
1876,0.21213127021658254
1877,0.05161891180722846
1878,0.1521216357914131
1879,0.17255484862137432
1880,0.07040703432225678
1881,0.07040393871183244
1882,0.21904187367345007
1883,0.1040310659271965
1884,0.10322761808235476
1885,0.0719434543472381
1886,0.1565975733518209
1887,0.10219544179811754
1888,0.0543238006638005
1889,0.11540515484568117
1890,0.02082745900060428
1891,0.13005760426547266
1892,0.07529038400611872
1893,0.07795968126226202
1894,0.03538183729177592
1895,0.07107780812051231
1896,0.08956930634675103
1897,0.08533667789043255
1898,0.03935725324407269
1899,0.05356127761630831
1900,0.019096286708104315
1901,0.07737066398751885
1902,0.11474519904017867
1903,0.11043151508442016
1904,0.05654822394152485
1905,0.03416422767260793
1906,0.05433223260281449
1907,0.06690881389945261
1908,0.02554308240969694
1909,0.11907099653725517
1910,0.051703952997485335
1911,0.05945999852772971
1912,0.1380911163124268
1913,0.061649763947057006
1914,0.03714792831072631
1915,0.06376747188271903
1916,0.08088943334517054
1917,0.22158693962928908
1918,0.10012879694406057
1919,0.08825911244518339
1920,0.0485570274497928
1921,0.08695095156537833
1922,0.04887905369434989
1923,0.10623738293434386
1924,0.03718572274528145
1925,0.11688311628845782
1926,0.1628859548564186
1927,0.06063152994641281
1928,0.10750583553006841
1929,0.08364229920748147
1930,0.15429267851389813
1931,0.1372661767235918
1932,0.08243209280105038
1933,0.06454233065342709
1934,0.07585188855211303
1935,0.09868915014840786
1936,0.10191514963324343
1937,0.15486387688830372
1938,0.0720640537943595
1939,0.05494806434608977
1940,0.17362395493121108
1941,0.06724885039037364
1942,0.06934266591935373
1943,0.13762080330662638
1944,0.1923927884537188
1945,0.03909387017860494
1946,0.09774809455135566
1947,0.18791813484203235
1948,0.05635491799106247
1949,0.09221939438361793
1950,0.09097834603312371
1951,0.1525094837080204
1952,0.045960777199257334
1953,0.11787013746613159
1954,0.11807703996829491
1955,0.05059278061279673
1956,0.04316201150338572
1957,0.12348348791580734
1958,0.131290658478878
1959,0.09911476325656969
1960,0.09045337060456682
1961,0.07567357301370399
1962,0.039063166152665287
1963,0.08450385908656267
1964,0.04859099240357771
1965,0.07911136009802683
1966,0.09676529150440985
1967,0.07816989777111154
1968,0.017480692685075513
1969,0.07924383157256881
1970,0.12399723439235426
1971,0.06867125678525719
1972,0.07632133496146076
1973,0.08951812934703778
1974,0.08446481244971582
1975,0.055641730904704825
1976,0.061535660152317276
1977,0.16589004937109533
1978,0.0533896410958944
1979,0.08770994608076803
1980,0.03655101536571932
1981,0.10269745105460434
1982,0.06143388291540951
1983,0.1163491145652809
1984,0.05704717814512908
1985,0.09485526337191928
1986,0.029651224431259136
1987,0.03716936205252447
1988,0.036621838737422634
1989,0.0986601088401378
1990,0.09017754990104017
1991,0.05829629836872046
1992,0.06650070437882989
1993,0.09999515737569337
1994,0.03775837585579779
1995,0.07023968285521298
1996,0.12760376220374683
1997,0.04201267845307045
1998,0.1305962769800189
1999,0.1308632229114679
2000,0.026379986081060153
2001,0.051282163087734485
2002,0.08158030475000956
2003,0.1381035686470415
2004,0.08916132317062778
2005,0.06864130071927489
2006,0.08317567633098065
2007,0.11389777977339305
2008,0.12261331356220052
2009,0.056431388612686866
2010,0.08075277488403396
2011,0.08035659435180212
2012,0.17949001061748815
2013,0.07457801727875692
2014,0.11296438677238735
2015,0.13568799668925982
2016,0.07472983863488988
2017,0.04951368245031079
2018,0.01676077090438288
2019,0.09928515911685479
2020,0.026448816951462763
2021,0.2328129099534056
2022,0.07551178018218346
2023,0.09452426149604118
2024,0.12643774303682237
2025,0.10767505301142616
2026,0.046307904678699593
2027,0.2190423070615479
2028,0.10449473370423724
2029,0.14605363267488125
2030,0.031957753998498796
2031,0.1731774054752443
2032,0.08083784863282563
2033,0.10711640174469844
2034,0.1929037472797757
2035,0.14514868732016037
2036,0.053628344012749095
2037,0.02328938963464778
2038,0.040646325226870714
2039,0.07659292652731674
2040,0.11531165554028164
2041,0.038540054142572576
2042,0.1674381457458302
2043,0.05798347938475779
2044,0.1417984032173686
2045,0.05958037516110747
2046,0.07296446920743618
2047,0.084743505584688
2048,0.10081527102871747
2049,0.14320303832643963
2050,0.03247917956470441
2051,0.04757728331596001
2052,0.04860178152119152
2053,0.12528264327405453
2054,0.04196587292631772
2055,0.04736297750189902
2056,0.18863616818386297
2057,0.07112250392034662
2058,0.056892470446359776
2059,0.09343872614513254
2060,0.042058339456247866
2061,0.037825416384206716
2062,0.08246360744173015
2063,0.08292122138373711
2064,0.07054845309980519
2065,0.07358021794714677
2066,0.03137383870474662
2067,0.0632089381990449
2068,0.015716578088790914
2069,0.05046624554610964
2070,0.01718639699878262
2071,0.07441940874066068
2072,0.04996015342595631
2073,0.009274093596802495
2074,0.0061358036472419705
2075,0.02344849406154955
2076,0.07964014877319761
2077,0.03704288463495441
2078,0.10157737962904176
2079,0.0391078531409994
2080,0.0761431199818522
2081,0.06938940006827897
2082,0.05781842248100327
2083,0.05674656199274143
2084,0.20110456763596585
2085,0.05834888151210302
2086,0.11183863758690454
2087,0.018414722265539973
2088,0.10093739875780977
2089,0.029051889928416338
2090,0.0897574817219782
2091,0.034154484504429136
2092,0.08466318686645066
2093,0.02811620839907923
2094,0.05637616769555136
2095,0.04505723658055582
2096,0.06575265699940251
2097,0.05317277013326445
2098,0.1392527058793417
2099,0.026112729331114703
2100,0.04073138414682682
2101,0.036396720202126705
2102,0.07093582766438361
2103,0.05876675181890928
2104,0.04635715363179283
2105,0.07063130503494672
2106,0.06191107003711488
2107,0.1841038810765514
2108,0.1279112308532962
2109,0.24876769606995525
2110,0.0937363444243123
2111,0.09907130769296142
2112,0.11352200254583072
2113,0.04365582704394314
2114,0.0635268229355121
2115,0.06188716582275607
2116,0.07210437044530454
2117,0.06013383064895698
2118,0.049452893767160895
2119,0.019038687092975994
2120,0.1756687076127882
2121,0.09025851176541169
2122,0.045477415074556986
2123,0.006157401855198396
2124,0.032399648438046644
2125,0.11850116016347954
2126,0.05189067590237331
2127,0.09234593526886054
2128,0.09103003261988293
2129,0.08977489500476542
2130,0.07564390005089819
2131,0.08016000945970905
2132,0.12139136965097248
2133,0.03608544868863684
2134,0.044591177777873574
2135,0.05156798213521076
2136,0.03406808325899008
2137,0.025787241959500398
2138,0.03740065291428251
2139,0.034291993033300515
2140,0.17202118322596746
2141,0.15140233820473573
2142,0.016369573307857023
2143,0.10936756437895274
2144,0.09257051571350941
2145,0.06101592291139339
2146,0.08979781308385826
2147,0.08152493833270509
2148,0.06279586504691867
2149,0.08837820849505404
2150,0.13392720278649864
2151,0.13828438481168384
2152,0.09251381698605207
2153,0.14289865925430595
2154,0.04110104455457479
2155,0.10209924480417747
2156,0.09329451615939607
2157,0.1189552063405389
2158,0.05522893819802192
2159,0.07281487501256403
2160,0.0876986043343455
2161,0.07324478235634521
2162,0.2259150403756373
2163,0.08598350072262224
2164,0.039492471696064214
2165,0.035499772583544545
2166,0.11352037395095073
2167,0.0729504144090446
2168,0.07720261031257793
2169,0.09671305311022292
2170,0.03719248175524843
2171,0.04369600856392297
2172,0.18299168335043667
2173,0.054887145959475026
2174,0.020109179205405843
2175,0.06853183070597929
2176,0.0578914293880353
2177,0.1881094578007582
2178,0.047605455417125006
2179,0.0913710461498052
2180,0.08761715560415095
2181,0.06340791839837003
2182,0.09311532245018661
2183,0.060646302987923666
2184,0.04686372248889978
2185,0.032924579419841546
2186,0.047487112351265126
2187,0.06645958374486777
2188,0.05954350295012563
2189,0.06491006298510547
2190,0.030279013948620922
2191,0.18134022271973635
2192,0.04295975470911852
2193,0.1853497591124681
2194,0.08047912354117497
2195,0.045012652238131876
2196,0.038792022748659574
2197,0.12932738141865266
2198,0.05419438054019125
2199,0.026422593091882086
2200,0.019124141164181565
2201,0.12586746908377397
2202,0.0322529619002158
2203,0.15425955581377798
2204,0.11847298045013738
2205,0.05293992834192099
2206,0.0922992588401053
2207,0.09975069016740698
2208,0.11762531117367829
2209,0.09715808832310238
2210,0.055081077742198795
2211,0.06152820161375551
2212,0.057154775722941135
2213,0.23723462105061557
2214,0.04147920909727249
2215,0.09831434609071268
2216,0.09101635217017223
2217,0.045307672727886335
2218,0.053403894658185194
2219,0.08818192877311351
2220,0.11000311575886151
2221,0.09142822533903378
2222,0.11497051774185114
2223,0.06652464899565565
2224,0.07129159923713532
2225,0.054318356096064446
2226,0.1716069970727479
2227,0.055088939759889294
2228,0.0864420218354484
2229,0.27831506645309306
2230,0.12858760615254713
2231,0.037978714837637116
2232,0.19636872020345358
2233,0.031296248872087
2234,0.11168213122165858
2235,0.03617024568744941
2236,0.08052781822504568
2237,0.05647008083579034
2238,0.03969896793235416
2239,0.09003337113484838
2240,0.03484585849011887
2241,0.01284116411127308
2242,0.222155803230676
2243,0.0472559629507913
2244,0.0950252139045611
2245,0.060029197103743104
2246,0.13032830146895427
2247,0.06480875126544833
2248,0.057576514498961444
2249,0.05947685083369077
2250,0.14243175766296984
2251,0.13230992941188954
2252,0.08327537248616071
2253,0.06685173731565128
2254,0.07675277955473585
2255,0.04626349283932915
2256,0.025918979273437514
2257,0.07961689324828167
2258,0.07003048346683251
2259,0.11330974993892852
2260,0.0451494676253996
2261,0.06353697445359842
2262,0.2139680526074078
2263,0.08213343126488536
2264,0.028577395956344637
2265,0.06339716343180686
2266,0.030925237468512876
2267,0.10288379923045286
2268,0.08991634311654184
2269,0.1201560136189994
2270,0.09920850702936453
2271,0.047154818562788844
2272,0.11704427777934338
2273,0.08831651030980528
2274,0.09200905085002245
2275,0.0767614651096897
2276,0.06191679425270633
2277,0.11663218450963989
2278,0.030114006851567062
2279,0.17744574151392675
2280,0.12252079460921006
2281,0.06279424479187065
2282,0.1300341716600533
2283,0.07135513121526296
2284,0.9447367094370944
2285,0.04632559957934335
2286,0.08789285699590181
2287,0.018788851501248836
2288,0.034432142302765326
2289,0.0935973422800927
2290,0.06479069046106542
2291,0.13382843725024673
2292,0.11978997123697238
2293,0.05366720862127817
2294,0.06914447415257133
2295,0.12358215894281444
2296,0.08617061929910891
2297,0.09203224704284908
2298,0.09754324245150095
2299,0.08851709830332011
2300,0.07681513840674221
2301,0.08350767721138
2302,0.04577418610427357
2303,0.10302940659115928
2304,0.11983721890370061
2305,0.03318154659397973
2306,0.05889022093968787
2307,0.0578756902857201
2308,0.1965372190852262
2309,0.054528364924274396
2310,0.008498223099993275
2311,0.037211452181114144
2312,0.036963982163787386
2313,0.2502574630662274
2314,0.0949492923700036
2315,0.13034210925084316
2316,0.03102003983400371
2317,0.14219050674524192
2318,0.07299078096128436
2319,0.043216734078026876
2320,0.11548960953236334
2321,0.04910943058083956
2322,0.050580325126225754
2323,0.03559383553352559
2324,0.056354280790231644
2325,0.15778649373432818
2326,0.10086593388327354
2327,0.07555339668887019
2328,0.032582867858043554
2329,0.07424088365916617
2330,0.13074021772504568
2331,0.2541892019126504
2332,0.0453609588460709
2333,0.12095148463148989
2334,0.12421931709382862
2335,0.03226319545197684
2336,0.05421546875649414
2337,0.08389219830126404
2338,0.06288621314865005
2339,0.04360347666053446
2340,0.06858370215991341
2341,0.04893252329238206
2342,0.06236975732773467
2343,0.19361394736484855
2344,0.12405653609725355
2345,0.061197440505120416
2346,0.10787547091710958
2347,0.04777733667253292
2348,0.23996411030860504
2349,0.12340156299851164
2350,0.03174834782417087
2351,0.15769591162365734
2352,0.033157180975685
2353,0.04873013384827562
2354,0.04473924115469998
2355,0.07798018812253248
2356,0.14524567196342264
2357,0.04987476291905875
2358,0.016881004092744917
2359,0.1050015610013655
2360,0.03693130723217437
2361,0.029002668294889667
2362,0.08213650687100582
2363,0.035890120460935385
2364,0.13856248103367472
2365,0.16812766210981572
2366,0.10670710671411006
2367,0.17831505109606102
2368,0.1357857753838562
2369,0.0353534691769171
2370,0.17548906628592603
2371,0.0858069329132163
2372,0.10929333402039619
2373,0.10725991828524663
2374,0.1061141412789722
2375,0.03777301411626959
2376,0.14441688723665588
2377,0.18090205052739966
2378,0.0672117678624816
2379,0.0888100384391453
2380,0.05363950185275388
2381,0.031998197173229596
2382,0.11738218876591301
2383,0.10961544982765065
2384,0.08242300818094422
2385,0.04085328052235883
2386,0.0341385479958981
2387,0.05111073250558975
2388,0.04106443480835028
2389,0.08592123044621439
2390,0.06585982795478951
2391,0.17100652383008136
2392,0.09807538311912371
2393,0.07150895020873187
2394,0.10535664391638705
2395,0.2111535159172432
2396,0.05383832599600082
2397,0.10640087140351523
2398,0.07588981337496935
2399,0.043860462983429334
2400,0.04969815991022596
2401,0.03703104825660342
2402,0.05388672879235992
2403,0.08628981188434565
2404,0.052703236272439224
2405,0.10543407123445057
2406,0.03643781328347308
2407,0.06998238490658147
2408,0.029201087834675215
2409,0.0313852623973578
2410,0.3253698612609882
2411,0.13018608166979057
2412,0.10632763195684586
2413,0.13166008965282633
2414,0.12136601221147371
2415,0.06333871355141328
2416,0.03612752247048037
2417,0.21323860239443426
2418,0.08090094570571846
2419,0.13251134564891495
2420,0.06511259601847819
2421,0.030808510451660234
2422,0.08469082952934731
2423,0.07405257350903545
2424,0.14954548765770861
2425,0.04012501179453348
2426,0.02496700433010103
2427,0.04018378918425233
2428,0.06451784111655971
2429,0.08293150199458989
2430,0.10922154017056811
2431,0.014495242906074048
2432,0.10159811773699924
2433,0.04786478497877084
2434,0.16906947857646232
2435,0.06331581482797886
2436,0.034178695896999046
2437,0.07564737910819305
2438,0.08219038316664982
2439,0.2710573280456293
2440,0.15224266670136366
2441,0.09697749559546884
2442,0.169032188879412
2443,0.0659437196833946
2444,0.09635877778540772
2445,0.11900195003817096
2446,0.07284966812971698
2447,0.06320461859209145
2448,0.08115121815465612
2449,0.17005995454656853
2450,0.13439525260222598
2451,0.07880666063445257
2452,0.05049155155647746
2453,0.11841159787665037
2454,0.09180631784595142
2455,0.033507425501793336
2456,0.10340809593314716
2457,0.09670148509013746
2458,0.055804175726464206
2459,0.060855535135668444
2460,0.11748569235209042
2461,0.04843214333639669
2462,0.1304012273088814
2463,0.06682471493050422
2464,0.03253611163424173
2465,0.12640533751904795
2466,0.1228793155561214
2467,0.06994039573066249
2468,0.09695872527624008
2469,0.10074651583340972
2470,0.07103180922053888
2471,0.03402745815958144
2472,0.04772443813735185
2473,0.13100756879478062
2474,0.02670062618462784
2475,0.059572768846260477
2476,0.21130405973851535
2477,0.09008838129860419
2478,0.112349651443712
2479,0.054879051980557605
2480,0.12994549474237876
2481,0.04910353846810632
2482,0.040749915551031794
2483,0.018922954760230495
2484,0.08829210077660353
2485,0.09395463534359941
2486,0.12592939543362686
2487,0.18130537698291832
2488,0.19122833039419554
2489,0.0720156496432755
2490,0.08741481684750885
2491,0.08247950181073686
2492,0.050396418325927415
2493,0.0671969264888108
2494,0.05071667599431143
2495,0.04521418258752481
2496,0.13444962091198434
2497,0.07542496097208644
2498,0.04149189843971297
2499,0.07384346564438307
2500,0.030118708004218064
2501,0.06283004170056611
2502,0.07601887463231999
2503,0.05093451646083183
2504,0.04194924761810581
2505,0.11030113778698826
2506,0.051972374616727976
2507,0.011879948006819296
2508,0.1478083565748453
2509,0.10134406316634802
2510,0.09108244835537337
2511,0.05838099167914507
2512,0.1027235402085747
2513,0.09746299502874309
2514,0.10977306086031278
2515,0.08457923355942895
2516,0.07025506760212313
2517,0.0927551224068407
2518,0.08109360251604845
2519,0.05973950122883632
2520,0.07850003919304645
2521,0.08609686382933297
2522,0.05306296595529123
2523,0.04791011402413889
2524,0.05346355076854962
2525,0.13957832453491667
2526,0.02892720630022146
2527,0.05455658188023261
2528,0.06274463501950739
2529,0.054970319004268624
2530,0.09065342183581616
2531,0.06533675561003943
2532,0.07148176948416776
2533,0.08714952896089592
2534,0.14425518878169294
2535,0.03829209341586872
2536,0.08484043182080668
2537,0.101862466418991
2538,0.03385556235934486
2539,0.07482041802879544
2540,0.10737681252148867
2541,0.05388988859827185
2542,0.0566018165106798
2543,0.06701455419303341
2544,0.07483517742750859
2545,0.07714757240867343
2546,0.21963631696992053
2547,0.10937990376580399
2548,0.057988108504964136
2549,0.05394576624748798
2550,0.09905756426957937
2551,0.028179184852532062
2552,0.06178932188332033
2553,0.12724511863178625
2554,0.10751996082307459
2555,0.050555301428371245
2556,0.08860947713011999
2557,0.09389578241584672
2558,0.13756809194277006
2559,0.1384415217789348
2560,0.10679438227125972
2561,0.03264517094057201
2562,0.0765185413203536
2563,0.06465505744804913
2564,0.03730866383440358
2565,0.04126784432952409
2566,0.07326934902893387
2567,0.07813773666042068
2568,0.06580658029220937
2569,0.11616054825651995
2570,0.09272712558769561
2571,0.05161290200433219
2572,0.07236611661092095
2573,0.1217436731001792
2574,0.023449677936703557
2575,0.08407103614188646
2576,0.0989626006226807
2577,0.10276130220681057
2578,0.029022591463039062
2579,0.030403402576353676
2580,0.022318086070475366
2581,0.11870973417683592
2582,0.036276447395351165
2583,0.03894507501975202
2584,0.11952128250078736
2585,0.0699466284283283
2586,0.07744361791367425
2587,0.020099379147944674
2588,0.07414155279067665
2589,0.10647467550086151
2590,0.04382789236530351
2591,0.02890687796988846
2592,0.0726206553925848
2593,0.10797555098733291
2594,0.08874396229117253
2595,0.05960294678045489
2596,0.07955539565399328
2597,0.1441332424956242
2598,0.07141511226740258
2599,0.08371652386911013
2600,0.1644068303809044
2601,0.07156175498844627
2602,0.10489795616087766
2603,0.1513681690615569
2604,0.09229936206816683
2605,0.07934547117853274
2606,0.047394474012688974
2607,0.12438666188744855
2608,0.09041961360020793
2609,0.04330729805368994
2610,0.05010333482674542
2611,0.04714271875311696
2612,0.07580450049685265
2613,0.06499644577384875
2614,0.031583269408083016
2615,0.07556961972306207
2616,0.08039773809494474
2617,0.05502825262521591
2618,0.04250227187173541
2619,0.03574795351402614
2620,0.09513743931333718
2621,0.10219597178161312
2622,0.043317705485347066
2623,0.0604143120850867
2624,0.05546095585316556
2625,0.11737798499164451
2626,0.05040068081545195
2627,0.10093929781037295
2628,0.035671969179259674
2629,0.08898989164047624
2630,0.09013321399388134
2631,0.11571014586048321
2632,0.05948706225083835
2633,0.030283827989697795
2634,0.038911343218001875
2635,0.08338901264003777
2636,0.08591130596109346
2637,0.08492356586522674
2638,0.19875198207461442
2639,0.02832492257822427
2640,0.04465799664232665
2641,0.05626873140029639
2642,0.04442908607644964
2643,0.09901025639427699
2644,0.09140253597625571
2645,0.19810520825061098
2646,0.0387786152781957
2647,0.07135540701096307
2648,0.02274650861311032
2649,0.059509631250203504
2650,0.08667496200662451
2651,0.1198531724045693
2652,0.031632383414597814
2653,0.03946505259556979
2654,0.06093409802379617
2655,0.02970906128159017
2656,0.20504357738953405
2657,0.09138400027031367
2658,0.056552721414363155
2659,0.053027855499187926
2660,0.09886397923952532
2661,0.06555430364434252
2662,0.03055011033896389
2663,0.09046213827058867
2664,0.05622765294538906
2665,0.07267950289872291
2666,0.1587062398997323
2667,0.09755887451709225
2668,0.12090840890523177
2669,0.03559367255342303
2670,0.2563789526606451
2671,0.11178395642800609
2672,0.11721822414828925
2673,0.05204202743185582
2674,0.09503379505350226
2675,0.0280725323022685
2676,0.07590523807420056
2677,0.04346755081419734
2678,0.27025700448278733
2679,0.02685007215960957
2680,0.0940164435751943
2681,0.10907364645288516
2682,0.08073640749889839
2683,0.08585304296577441
2684,0.1043428116331241
2685,0.1764317539665082
2686,0.04489401313351184
2687,0.03774073977825597
2688,0.06591739637490998
2689,0.019991343096419645
2690,0.12397370260964558
2691,0.10145798682402839
2692,0.03644053350959053
2693,0.12894564022790644
2694,0.05873202732299944
2695,0.09834149094003138
2696,0.070747927560673
2697,0.04837066950139955
2698,0.21187058659466837
2699,0.025629974741711085
2700,0.09030859035560324
2701,0.10931084919349043
2702,0.15605877115158773
2703,0.03968858277611775
2704,0.05772519315143442
2705,0.025602269597942075
2706,0.13275445588949852
2707,0.05589086779018444
2708,0.05759273604104615
2709,0.04580155023212233
2710,0.1626594174313492
2711,0.04278135465446236
2712,0.18578087366945772
2713,0.10405903909050651
2714,0.04873330843334126
2715,0.10460301939233707
2716,0.027420147813501754
2717,0.06174418488235403
2718,0.08830714765217942
2719,0.018546895645933554
2720,0.019736305299221175
2721,0.02844218191845519
2722,0.07611565797251474
2723,0.12539023348920733
2724,0.05108403997357701
2725,0.03750265737968229
2726,0.0971548265065793
2727,0.033913465014799964
2728,0.0664630102367762
2729,0.08753192297159401
2730,0.13213408145067357
2731,0.313729713053983
2732,0.0413165992039501
2733,0.07984502671656912
2734,0.02683603384944401
2735,0.017315798706433277
2736,0.24688745149569127
2737,0.0685751473852628
2738,0.11090507511498743
2739,0.12933577024648232
2740,0.0978031184468933
2741,0.016355312386677947
2742,0.10356103337952714
2743,0.08569655803300502
2744,0.1218066509958104
2745,0.046508578755022956
2746,0.05104622143149342
2747,0.05878676450405016
2748,0.0860866811418983
2749,0.07271000252520073
2750,0.15575155297768634
2751,0.12474958250984036
2752,0.03661646019641924
2753,0.0380746509665077
2754,0.02835762793577814
2755,0.03266498381067653
2756,0.0529791494509539
2757,0.178931602782511
2758,0.059245551165740484
2759,0.07058792826828476
2760,0.08790597210253066
2761,0.050456322294332195
2762,0.060071804260102044
2763,0.13207743308648756
2764,0.04162574708443612
2765,0.129262128771139
2766,0.04399191651659536
2767,0.08335744937987143
2768,0.07387806814388895
2769,0.05474143457806207
2770,0.16895061898694697
2771,0.09178371014187238
2772,0.09725901160287848
2773,0.1324840354129132
2774,0.15550550657629147
2775,0.08607248486921083
2776,0.025491462367454844
2777,0.059674068393340746
2778,0.03264442972182876
2779,0.0656961464599963
2780,0.08389769290220456
2781,0.017082699848448856
2782,0.11937104682989899
2783,0.08893492993211236
2784,0.02750845737910288
2785,0.07344343965138352
2786,0.2842198993914751
2787,0.08514373936031393
2788,0.15444821825872287
2789,0.053018790588145834
2790,0.05840500454952039
2791,0.08977739207096004
2792,0.06841874007233097
2793,0.07468241693840345
2794,0.02648652073099861
2795,0.06321321474035654
2796,0.07982219807197366
2797,0.06726780847649133
2798,0.21438148766518744
2799,0.06758068108384054
2800,0.07403088953201283
2801,0.06458643413416829
2802,0.02868182322490381
2803,0.11796876067789552
2804,0.11909139598794051
2805,0.042538846706956034
2806,0.1487819425421829
2807,0.05450520380942973
2808,0.0824773675592301
2809,0.08976710731140948
2810,0.08154437803864584
2811,0.10290585247627308
2812,0.050970233178049815
2813,0.06384394889893119
2814,0.10399273979072367
2815,0.05640574138377079
2816,0.08724047384654425
2817,0.034317273907983906
2818,0.08010429928027031
2819,0.09900679205500602
2820,0.08933498498859171
2821,0.05597572506697223
2822,0.07798232536861384
2823,0.11039357175621706
2824,0.024783145956304223
2825,0.18871570735178328
2826,0.074898570133926
2827,0.06361457960550403
2828,0.03272231648716573
2829,0.05031551119753943
2830,0.013205004058948694
2831,0.04529048583998209
2832,0.11211245682721194
2833,0.13608478730972967
2834,0.019221237842937396
2835,0.05844999990104673
2836,0.03517223797142475
2837,0.03400271915629077
2838,0.09482196024017095
2839,0.15959398004060707
2840,0.044625114344531
2841,0.25830522867648603
2842,0.04915968128449251
2843,0.08798564587128078
2844,0.1770794804528137
2845,0.07289300585796461
2846,0.026172815276293483
2847,0.03712551971788039
2848,0.05827823042349997
2849,0.03536458876645019
2850,0.01981677711624018
2851,0.0504625498563402
2852,0.045234241838389096
2853,0.04694345105848727
2854,0.09834148585732608
2855,0.11061869171274125
2856,0.0332596598398177
2857,0.07859489111940732
2858,0.08553571956399304
2859,0.09194469950705099
2860,0.048809970605624135
2861,0.07076405045242187
2862,0.11877855702042732
2863,0.03973898673451913
2864,0.10956562690819514
2865,0.0701143594133555
2866,0.12688843520937415
2867,0.07997544315042453
2868,0.2212267284377143
2869,0.08364193644130058
2870,0.056991908222013485
2871,0.0865167986672481
2872,0.1827236440089433
2873,0.05834606937455648
2874,0.10909426629761883
2875,0.11039962786905233
2876,0.033596235885009
2877,0.036112431765058406
2878,0.05417502783536635
2879,0.0293244162745843
2880,0.07426933432374476
2881,0.023084648710144318
2882,0.05813910295811005
2883,0.0578177981950807
2884,0.12833112047056636
2885,0.06421588135638452
2886,0.04378255877215102
2887,0.024278720083630415
2888,0.18776922657726083
2889,0.05036780649987492
2890,0.2419637343603468
2891,0.02425895422955199
2892,0.05816954971274087
2893,0.08783956862048647
2894,0.15800386092878674
2895,0.05665041236204032
2896,0.12338307959989345
2897,0.15531619620656054
2898,0.08022168362079989
2899,0.03228856408764485
2900,0.04825323424275315
2901,0.024919800391992448
2902,0.09264300240182789
2903,0.0718443427424122
2904,0.10120862571154683
2905,0.05435625602649442
2906,0.071002710674534
2907,0.10291841420942545
2908,0.026017451539347997
2909,0.03700944962640655
2910,0.06699966829057684
2911,0.10626207011797734
2912,0.0985514126143033
2913,0.1458352983995103
2914,0.09791049011983878
2915,0.09121495466495792
2916,0.0961750367523572
2917,0.09140848740369556
2918,0.10056890954375179
2919,0.09136721693092152
2920,0.05112573390067253
2921,0.047059283203030565
2922,0.06764807199084638
2923,0.04053202022668058
2924,0.049620773332456354
2925,0.029976272086823887
2926,0.05178001397087642
2927,0.06939949743964853
2928,0.035215608967893976
2929,0.01605027234133596
2930,0.0392800749504611
2931,0.09139135583914416
2932,0.17351940966706386
2933,0.1600118325061894
2934,0.10842417246064026
2935,0.10030743062010883
2936,0.06766856798965556
2937,0.07059991694468568
2938,0.022619341129660506
2939,0.033841181515561945
2940,0.15712429617891405
2941,0.23058784048337724
2942,0.11126866310589224
2943,0.11365418621011408
2944,0.0726806778712333
2945,0.05518205070969135
2946,0.23510385562002176
2947,0.06438138498525679
2948,0.09624477041412709
2949,0.040653270120009674
2950,0.05627773554501355
2951,0.1029056340620777
2952,0.042317996950280656
2953,0.026378803928078877
2954,0.05736913268026996
2955,0.09011036695373237
2956,0.09103427286715662
2957,0.14691925845454495
2958,0.09620256200143722
2959,0.06281317240877798
2960,0.12498570085334629
2961,0.05222928210580083
2962,0.09547141228658107
2963,0.04112690452367149
2964,0.05657902238278062
2965,0.04208042682190371
2966,0.1617782321706038
2967,0.053977700478276235
2968,0.01326117194324324
2969,0.10721765133845766
2970,0.051776336256850936
2971,0.015344432410079455
2972,0.09236057869796827
2973,0.022876045228720783
2974,0.13688417777230544
2975,0.11334247509857111
2976,0.06460058641919411
2977,0.07461153816001508
2978,0.07182269716330472
2979,0.08228521464117386
2980,0.05915714208708036
2981,0.05705045199438037
2982,0.2641321673433472
2983,0.11665765078320406
2984,0.09541936059319786
2985,0.035483298399516416
2986,0.08556006071398714
2987,0.0703665099682684
2988,0.04783798840652815
2989,0.037403216107096376
2990,0.2042667982120817
2991,0.11988184679774065
2992,0.06847824839713192
2993,0.03775809990479202
2994,0.09103309983943944
2995,0.1396224236414485
2996,0.1424404849337728
2997,0.06389445811263487
2998,0.05919939104788915
2999,0.03322239436722435
3000,0.11253907910251751
3001,0.08850924090263061
3002,0.02626109512380193
3003,0.04255498121249973
3004,0.010539401015523486
3005,0.06917730167388737
3006,0.04246778101915746
3007,0.0922754886905266
3008,0.06605995763679234
3009,0.076824884807961
3010,0.07363086742934724
3011,0.14955807343785282
3012,0.1637607502375512
3013,0.42382842675045546
3014,0.11854802577654446
3015,0.051515775528284964
3016,0.09107377847991957
3017,0.054159484628266634
3018,0.08390880490211665
3019,0.06191947903204942
3020,0.11171400745244901
3021,0.12644266568344353
3022,0.14651441218602032
3023,0.2764655210255169
3024,0.13036399892213035
3025,0.08957120353063745
3026,0.1810183963545387
3027,0.12892352183343198
3028,0.06979492621032832
3029,0.06713838425466429
3030,0.0699987782823421
3031,0.05023964975895617
3032,0.0953560181888737
3033,0.03900464149216876
3034,0.06645442606062589
3035,0.05386143856399029
3036,0.12078682882966828
3037,0.08557591229387648
3038,0.11398895840065898
3039,0.05391352686607964
3040,0.026742172907064946
3041,0.10125999797497688
3042,0.09040517530577595
3043,0.05096135505173048
3044,0.07827424949138728
3045,0.05253469637574315
3046,0.08123924678127288
3047,0.13614648169539043
3048,0.04951785152485235
3049,0.07741195722347875
3050,0.057217701958365744
3051,0.07528437647455753
3052,0.1121435762052996
3053,0.05511030971620208
3054,0.14257469781966917
3055,0.11625969552800537
3056,0.46942313421761644
3057,0.07988328008729853
3058,0.01631845459988738
3059,0.040855935603368226
3060,0.12198491400770109
3061,0.06056047333647059
3062,0.03992439951350135
3063,0.08665849793104506
3064,0.13933308946935807
3065,0.13832320458051342
3066,0.026382364730917596
3067,0.08686525011108666
3068,0.051339983203184975
3069,0.012499322956429816
3070,0.027716454501884823
3071,0.02741725600932668
3072,0.023227781265181734
3073,0.11033015273379264
3074,0.055252932024720966
3075,0.10531624939363532
3076,0.058523931080441294
3077,0.07485560750481417
3078,0.1018783590695449
3079,0.07753468762235446
3080,0.08978437886650725
3081,0.040908144984932705
3082,0.030157286267999506
3083,0.030568427163504327
3084,0.09524416968376766
3085,0.12428231771779454
3086,0.02097903832729749
3087,0.0695264233211046
3088,0.15933415119841304
3089,0.11328454734308468
3090,0.041226774113690856
3091,0.064890286167202
3092,0.09632020787981187
3093,0.035954267161855666
3094,0.10735070537500845
3095,0.14888510541756067
3096,0.048314080654796435
3097,0.0034483387357911906
3098,0.038207316010852956
3099,0.06577208983910292
3100,0.19074224516093968
3101,0.12233037800624755
3102,0.08078918111989261
3103,0.05338115451712292
3104,0.05442871446204145
3105,0.09293847863767762
3106,0.05100717862608921
3107,0.020365970660722762
3108,0.10381068104384339
3109,0.08387300816874252
3110,0.08181842002416341
3111,0.05567749847799726
3112,0.12199837174112528
3113,0.12399909164700379
3114,0.07179851738189118
3115,0.08592672654337626
3116,0.06961331256612498
3117,0.05551782127792977
3118,0.1149355034790053
3119,0.1500523859546668
3120,0.06247025457630896
3121,0.07703845685192845
3122,0.007262096842803595
3123,0.06380444890366553
3124,0.0708243219744218
3125,0.13318895502811293
3126,0.05464237182348401
3127,0.1370468678161908
3128,0.050539040686615536
3129,0.0750331011400557
3130,0.028257453826029694
3131,0.14027211066286815
3132,0.15905212560669793
3133,0.07144106225294453
3134,0.10475616812829593
3135,0.06051422712270287
3136,0.07068258101102123
3137,0.05219556400562737
3138,0.09617330973312921
3139,0.04474392536633527
3140,0.03540786108409235
3141,0.09147199063821515
3142,0.10763578852687539
3143,0.030175179958648036
3144,0.028858272857459125
3145,0.03588070746107229
3146,0.046544425971067296
3147,0.11026776142435213
3148,0.03180146688064085
3149,0.3099912255362561
3150,0.05214007843722477
3151,0.05621583490380343
3152,0.13664053367660842
3153,0.1405271165243809
3154,0.03693390928105001
3155,0.09740584415132221
3156,0.06468523330726565
3157,0.1513497569309838
3158,0.06310764525512828
3159,0.10724284676669193
3160,0.1996424270664482
3161,0.18916826287360622
3162,0.07086948843174849
3163,0.3038131448627533
3164,0.04904854622703781
3165,0.04347139572971919
3166,0.10878695755027408
3167,0.06292388716381225
3168,0.12864677654469636
3169,0.1076255184941936
3170,0.08139693033339829
3171,0.09175931701059122
3172,0.07701483604529766
3173,0.12933061462769552
3174,0.03269922305611894
3175,0.06123339044080546
3176,0.07657204074899274
3177,0.05345429941180018
3178,0.11489657359481852
3179,0.10189837102597761
3180,0.028156652466487093
3181,0.050873528693192734
3182,0.04056107886580916
3183,0.09681491877862397
3184,0.03951625559111021
3185,0.07073415560240305
3186,0.0453839787628091
3187,0.01949293986957532
3188,0.13075771245812462
3189,0.05899998799003795
3190,0.14848999171788754
3191,0.062169652542143
3192,0.08515809992545818
3193,0.04838600034310491
3194,0.13096667543780954
3195,0.10126857758693632
3196,0.041643629020145755
3197,0.04639901312560606
3198,0.04274126224769293
3199,0.09125045610044977
3200,0.08090288994477264
3201,0.07176050309990206
3202,0.18085894921812384
3203,0.04004613389397186
3204,0.06756953323626516
3205,0.18615470281402505
3206,0.11858497100960833
3207,0.07937398412128456
3208,0.05435221397096921
3209,0.08274542298202202
3210,0.05457220901268248
3211,0.09071747810847598
3212,0.0675148739104585
3213,0.12352484194629887
3214,0.05345234182847226
3215,0.07764344071016176
3216,0.1130772742694318
3217,0.12418516326930165
3218,0.12065808475174855
3219,0.059975812909153145
3220,0.01815202463697419
3221,0.09054628615333571
3222,0.19915083220217747
3223,0.07349252388659006
3224,0.023824480300436816
3225,0.04988387115759657
3226,0.08452847541686284
3227,0.03524219877746265
3228,0.037980997632646674
3229,0.0839498106679773
3230,0.05132770521477478
3231,0.08378080928369269
3232,0.06824767580834645
3233,0.1051788247023235
3234,0.04279231007018714
3235,0.045802918793020043
3236,0.016162922803739967
3237,0.042011685939946176
3238,0.03278666114772396
3239,0.12081803437859895
3240,0.040589995783706166
3241,0.04905175640626483
3242,0.15122189323359606
3243,0.11147314341271869
3244,0.10387560032963714
3245,0.19427229976042779
3246,0.059509525373223536
3247,0.08672448592647336
3248,0.12810985677658404
3249,0.11365267565095798
3250,0.08717859322685952
3251,0.02336613683928999
3252,0.05455977921121809
3253,0.09426910917407846
3254,0.04479514366288209
3255,0.05962617131057739
3256,0.06205186430947599
3257,0.07664428427927734
3258,0.10097440620171991
3259,0.023647096892829546
3260,0.2205285030516867
3261,0.11448449909157964
3262,0.06334261618870396
3263,0.045287615238464085
3264,0.06119042608100446
3265,0.03137022832539212
3266,0.12376380361489643
3267,0.06696544818774362
3268,0.040586102253737336
3269,0.05550895063803181
3270,0.06564181947025809
3271,0.07477761094985662
3272,0.07591624631908264
3273,0.04891902708589631
3274,0.04505507003648666
3275,0.04063292298996474
3276,0.0972380892002663
3277,0.1302540007283699
3278,0.05728113741210985
3279,0.06621289228448411
3280,0.10778737536720392
3281,0.3086504005786365
3282,0.046404139633861925
3283,0.049202692031769905
3284,0.06537961975765373
3285,0.08228056345969183
3286,0.09683186581830222
3287,0.04873691664762008
3288,0.09195015113834823
3289,0.26136673589850157
3290,0.05458011027155823
3291,0.1311862014603755
3292,0.15269301609237104
3293,0.07320733920786415
3294,0.22010742092873137
3295,0.04383214081931071
3296,0.03631616066887827
3297,0.333645594520373
3298,0.11217393335772155
3299,0.09530515004533434
3300,0.041175623835123805
3301,0.10588823655618786
3302,0.05173253229294064
3303,0.0181776087715438
3304,0.03519236700245347
3305,0.06841240743310625
3306,0.08438931377622319
3307,0.09302233888592579
3308,0.06926975074225854
3309,0.10740378434483244
3310,0.08164478728971146
3311,0.07077766522683498
3312,0.03882199187941096
3313,0.11636881190635098
3314,0.14235231714884386
3315,0.09675457414869305
3316,0.07012343905989163
3317,0.026497399582220072
3318,0.01873216429553754
3319,0.04016346733249116
3320,0.04319399210431346
3321,0.2461435223636633
3322,0.0812150249851381
3323,0.05057215219109178
3324,0.08283367105488221
3325,0.0767894844030804
3326,0.13554034674679455
3327,0.18938816440487244
3328,0.07624084626616236
3329,0.04541016067208735
3330,0.04278057414921491
3331,0.04028437520118987
3332,0.06680695584929104
3333,0.10268236549290818
3334,0.025980407790937403
3335,0.07051350366234475
3336,0.05698780267471701
3337,0.014077141183975586
3338,0.05230169770230612
3339,0.08181832404797403
3340,0.06217535545476442
3341,0.11050439794736648
3342,0.07724210319469284
3343,0.1230013982994393
3344,0.03939041443130816
3345,0.06736532202713667
3346,0.10315112685628441
3347,0.12875236861711548
3348,0.0484967776377867
3349,0.033724660264599055
3350,0.07877849586447618
3351,0.10263704207553764
3352,0.06385826263561593
3353,0.0666742839212458
3354,0.10339591385561825
3355,0.05264633421651903
3356,0.05072658455011066
3357,0.06279061534296748
3358,0.05561871605783607
3359,0.0879095540118639
3360,0.12325459033821008
3361,0.13120455958560262
3362,0.07223046472001414
3363,0.06140301002296668
3364,0.09443553637603953
3365,0.056317048256110926
3366,0.047821401093998316
3367,0.05718840108012589
3368,0.04713645920564952
3369,0.17032232397688546
3370,0.11569686600236878
3371,0.10712752638481875
3372,0.12268585830403801
3373,0.06261117143791271
3374,0.07533576181186898
3375,0.04679593866478266
3376,0.13965309701620496
3377,0.10360672838380855
3378,0.05206669225679351
3379,0.10194278337630809
3380,0.05523972380568498
3381,0.03659205539243874
3382,0.1316407940127851
3383,0.07473779021893949
3384,0.10565818184974468
3385,0.13317538084090938
3386,0.06913275749564073
3387,0.01812678921414605
3388,0.14262355502297164
3389,0.06683825678454393
3390,0.0984656977260453
3391,0.042761195543571155
3392,0.09126113624641247
3393,0.08654529655570582
3394,0.01303444686024632
3395,0.085035761223612
3396,0.10073670322888556
3397,0.2031533127993269
3398,0.043798002773762335
3399,0.050869070845996796
3400,0.03888491270432876
3401,0.06909905546341469
3402,0.054905345879475924
3403,1.0000000000000004
3404,0.06886989255360508
3405,0.09173138840164317
3406,0.04763059189627864
3407,0.029820759775128013
3408,0.19423111750852495
3409,0.05526712454033712
3410,0.10546878020958507
3411,0.020056808313305426
3412,0.07563306225441574
3413,0.06979024168798213
3414,0.12390437934012839
3415,0.03336174714275199
3416,0.01612052809507521
3417,0.07538523537967917
3418,0.06756052155885348
3419,0.07206583705654712
3420,0.05375899389203491
3421,0.3821855257978214
3422,0.029561484913732727
3423,0.03289099463079775
3424,0.06584819410593362
3425,0.14760657251933929
3426,0.04876857518717862
3427,0.051756266047660954
3428,0.036232815715785564
3429,0.06962200804400205
3430,0.12222925623177744
3431,0.08206231983737856
3432,0.12146280970100953
3433,0.020108540854951194
3434,0.04302910162993213
3435,0.0876777779586479
3436,0.05381062615687858
3437,0.08204245412025218
3438,0.020981687213276742
3439,0.10819334641980194
3440,0.05670026949175491
3441,0.08160271938289665
3442,0.11863048189217919
3443,0.08848314099114629
3444,0.026578420372667024
3445,0.03954096978413646
3446,0.010522721031971782
3447,0.0941084059608434
3448,0.028463911965071885
3449,0.15430911014037618
3450,0.060563339039111944
3451,0.06335466669238188
3452,0.02968644819212982
3453,0.07990927865962093
3454,0.05983492665209563
3455,0.03931995579289271
3456,0.04773141225237856
3457,0.0542095172702912
3458,0.10864205489912938
3459,0.3107725017748198
3460,0.018819373029029845
3461,0.12276350988688361
3462,0.029794122542080685
3463,0.0780170416813719
3464,0.10991529064058364
3465,0.1500040666397773
3466,0.05430086081794696
3467,0.13868153435563765
3468,0.054305505035450195
3469,0.034813799147038756
3470,0.19749013305027813
3471,0.044335431985090455
3472,0.058656433423239014
3473,0.24543798222323357
3474,0.0172559826188886
3475,0.08736626870428438
3476,0.03432699043848056
3477,0.038656765686347454
3478,0.10226454755225563
3479,0.05308062651253609
3480,0.14144697915778418
3481,0.03909198225055862
3482,0.041580299803237526
3483,0.059004195294251056
3484,0.09576208233544063
3485,0.09323833919704302
3486,0.08047024107296152
3487,0.0728317358988119
3488,0.04192841741995757
3489,0.04865170568853401
3490,0.08328092963331662
3491,0.07586637774921758
3492,0.2588160716183529
3493,0.0536317451466083
3494,0.1077944808184014
3495,0.07537203621913988
3496,0.03380840181225609
3497,0.036627916283241475
3498,0.14738615985952133
3499,0.046215978574861406
3500,0.07871159999783463
3501,0.07261783437831427
3502,0.09027225607245667
3503,0.04316603034781309
3504,0.1229519292605246
3505,0.0855167648351797
3506,0.26135201893287946
3507,0.09276663168993132
3508,0.05557237398750467
3509,0.05590134699732456
3510,0.054984577865516644
3511,0.0582190138390141
3512,0.07103821645320445
3513,0.07757073936164242
3514,0.10753152568385844
3515,0.0718670022604498
3516,0.14139552575790867
3517,0.08306395729883245
3518,0.10450686401853325
3519,0.04299232468826081
3520,0.12673064080481958
3521,0.0663677091741681
3522,0.049764139692231556
3523,0.10847952496109625
3524,0.058782896874480454
3525,0.11507800548014449
3526,0.1461087318880355
3527,0.11055960886527148
3528,0.09016844015776204
3529,0.08243994925524503
3530,0.13770444166700843
3531,0.09642708241201743
3532,0.03321112352325598
3533,0.05742240672331989
3534,0.05697097067095155
3535,0.02089401194468159
3536,0.08141950314857938
3537,0.11784577884751397
3538,0.026058914563603222
3539,0.0905824869237702
3540,0.0544599654181633
3541,0.07770119789170626
3542,0.009819424924061378
3543,0.17363523552459892
3544,0.2623869113612231
3545,0.08216740627376827
3546,0.054903716497530786
3547,0.07799588970739332
3548,0.1354111246347215
3549,0.04795604514709619
3550,0.2871791330069398
3551,0.0595033179130845
3552,0.4005933719473831
3553,0.0862479500041849
3554,0.030593907985528936
3555,0.032788338733832106
3556,0.1461895710572731
3557,0.06331294819063227
3558,0.031510143910416816
3559,0.06696783053679552
3560,0.04405588663806532
3561,0.027133851852839886
3562,0.0707154907891238
3563,0.12974679396633873
3564,0.04724088226457551
3565,0.06250607012738095
3566,0.07174456516474483
3567,0.1609431529632764
3568,0.12189138119469026
3569,0.04059381283699326
3570,0.016508362698326697
3571,0.09823567661628911
3572,0.04844535583526721
3573,0.07790589818967385
3574,0.0783191937348782
3575,0.034313625803697595
3576,0.09434300980432883
3577,0.045711721098286855
3578,0.01880212295694509
3579,0.0860429771191727
3580,0.046062384916634294
3581,0.0466004312767829
3582,0.04867699797364656
3583,0.07992472537101375
3584,0.04264990590753721
3585,0.06992642218666957
3586,0.132984085203767
3587,0.15249720019866772
3588,0.14632048554538038
3589,0.08755946390918182
3590,0.01952040270857792
3591,0.14894009950827944
3592,0.059522361966460116
3593,0.11372054745376294
3594,0.08055212927981292
3595,0.10116802393159792
3596,0.10427681867656793
3597,0.0672480808881364
3598,0.0973968721147564
3599,0.029202094857397692
3600,0.07657709701918738
3601,0.027430371095879168
3602,0.13492001249115415
3603,0.1654140413552968
3604,0.024858579269786168
3605,0.1479149722536189
3606,0.0897662904833238
3607,0.08890949876676332
3608,0.06993137399692208
3609,0.1139125171115407
3610,0.049565447955314715
3611,0.09931453041911029
3612,0.040053728468707715
3613,0.043773676757130585
3614,0.08716447925453955
3615,0.11358903137078648
3616,0.07289599101621694
3617,0.05430651814155507
3618,0.045057253044349696
3619,0.11045560674704014
3620,0.056451809511402745
3621,0.05258290573195694
3622,0.15768404305749784
3623,0.1013420834539027
3624,0.15316874781099812
3625,0.04737823261781226
3626,0.0907082799810006
3627,0.09512558045070066
3628,0.09898759271322385
3629,0.039704437769635476
3630,0.07127753770156381
3631,0.08442859268989776
3632,0.06216457563616283
3633,0.038409794805557194
3634,0.043584236207358545
3635,0.05410070060252538
3636,0.10128716036969988
3637,0.048306722417316976
3638,0.07757403426348015
3639,0.07112063464798349
3640,0.31452804151828895
3641,0.07734958266235381
3642,0.12381444514801428
3643,0.10829723560142673
3644,0.10747386907181768
3645,0.12239613228905352
3646,0.06677669917962879
3647,0.049852588243311756
3648,0.12160188757015253
3649,0.04972151641825358
3650,0.024815187673489995
3651,0.04382237580540156
3652,0.23233583410004766
3653,0.15762352201384927
3654,0.07211419764472932
3655,0.057208172054620046
3656,0.15474634358183476
3657,0.05404716397832861
3658,0.08002370283121522
3659,0.10699123854048244
3660,0.09318105776018974
3661,0.05138371582385236
3662,0.024016341172899164
3663,0.0184069429053306
3664,0.06058490716471536
3665,0.08324494481769441
3666,0.149754145696768
3667,0.11196640445337995
3668,0.07901318258270978
3669,0.05373478617280522
3670,0.13384331421562984
3671,0.06942602609667416
3672,0.12813111315292117
3673,0.14335379891471572
3674,0.09166989421282772
3675,0.15864936451652156
3676,0.0572222400427272
3677,0.039971410275141915
3678,0.06955052006969496
3679,0.03197184250170469
3680,0.0835768736963648
3681,0.11217531344389382
3682,0.09979007391954267
3683,0.014205385409056866
3684,0.030143754972728108
3685,0.05401361423272344
3686,0.10065139868812899
3687,0.02910859690666295
3688,0.051222382452466644
3689,0.06637698104210218
3690,0.08593063041121295
3691,0.07255726096069211
3692,0.14843395068678109
3693,0.0724957477913604
3694,0.05488487587561672
3695,0.03987359373510974
3696,0.05756600127803044
3697,0.07871159999783459
3698,0.09984742091555485
3699,0.0313731608463916
3700,0.07589789274360315
3701,0.07402472615455125
3702,0.022462796999453517
3703,0.08267454229770965
3704,0.05685544447164131
3705,0.06750576552659654
3706,0.044567197125221475
3707,0.10475457840915939
3708,0.1058188810499002
3709,0.08095788130524387
3710,0.08116888476959169
3711,0.20853252128409644
3712,0.05259029850488914
3713,0.02002463882837171
3714,0.006367792324358456
3715,0.1259198354080936
3716,0.08525517346454456
3717,0.05234729855689506
3718,0.04258561571806305
3719,0.01953603904939375
3720,0.09786458633636344
3721,0.12910962095195044
3722,0.052469620175918774
3723,0.042473962871578716
3724,0.18308508650471014
3725,0.07181600907864592
3726,0.05131471548469216
3727,0.1572357450057496
3728,0.1071819133214024
3729,0.008758081738332589
3730,0.08621144143382461
3731,0.06654992334968143
3732,0.3318446685471054
3733,0.13871400092827058
3734,0.037037612328567435
3735,0.0267779451210241
3736,0.04713373498062147
3737,0.10330346958776647
3738,0.333631599886541
3739,0.09189734770179561
3740,0.06064091492987402
3741,0.04812469477368546
3742,0.03471865842977582
3743,0.1256832555690653
3744,0.09949445616087164
3745,0.07378452267159537
3746,0.12844467005741714
3747,0.1575352004319467
3748,0.13489211331417525
3749,0.09316175743913299
3750,0.030641028441112744
3751,0.047179941919716514
3752,0.07098513202364855
3753,0.22165444606477808
3754,0.07818312921565938
3755,0.12985251895067904
3756,0.08190930984444433
3757,0.0784358052954394
3758,0.04470769080554051
3759,0.11986705133756653
3760,0.04944258975128169
3761,0.04747106294784382
3762,0.10136349569904923
3763,0.16863384979926757
3764,0.030050592153922022
3765,0.08231324436055722
3766,0.0712998748330133
3767,0.041743158427804794
3768,0.13085108968238596
3769,0.16203123761473545
3770,0.05859180017451306
3771,0.12691225683246476
3772,0.07848033873548994
3773,0.1282981124815602
3774,0.1149015622203412
3775,0.10461707779934294
3776,0.06334106822941331
3777,0.02329071936257676
3778,0.06555313907919162
3779,0.10964113060747238
3780,0.05963605850276377
3781,0.11291389071074018
3782,0.07643602349510435
3783,0.07996861962236695
3784,0.07818750563703912
3785,0.11048206741073709
3786,0.05300812746325804
3787,0.09041259628432192
3788,0.15261662282406688
3789,0.035696022297767104
3790,0.09678560677747972
3791,0.05264596041739952
3792,0.13106971766289224
3793,0.11405576463315784
3794,0.07902843711697613
3795,0.12460090548944616
3796,0.0662681007155731
3797,0.08797212240949537
3798,0.08708366787182459
3799,0.09929651828122706
3800,0.15181582290075518
3801,0.06033931541225379
3802,0.058048249531267464
3803,0.11610951024778021
3804,0.019885636124531727
3805,0.03995428310786482
3806,0.05446939588464766
3807,0.0734051921118047
3808,0.023887853677096466
3809,0.08432415513145895
3810,0.04395346086077406
3811,0.05813065861205438
3812,0.34175869912813045
3813,0.2902615379056438
3814,0.09778190712358731
3815,0.183852205358918
3816,0.0537369041514512
3817,0.040184438188257975
3818,0.02672781702623227
3819,0.07254309614959248
3820,0.09747178070175978
3821,0.13360595021305272
3822,0.15173744903990188
3823,0.06599558085576522
3824,0.03273307786718092
3825,0.07322910221735073
3826,0.06784238601970687
3827,0.16701998055903286
3828,0.02798387888346286
3829,0.04944386315303308
3830,0.040809992201262746
3831,0.08318440186142656
3832,0.12513486020478432
3833,0.22754758885478196
3834,0.09794189256029663
3835,0.02532648799617442
3836,0.09394095305294868
3837,0.09666387414255725
3838,0.06321696103677164
3839,0.09002346922390668
3840,0.020222901964052815
3841,0.0611161084109543
3842,0.05590258749506577
3843,0.0974222344807337
3844,0.08805507443872589
3845,0.04031554503676527
3846,0.12142983907527465
3847,0.18507044381738208
3848,0.1366864300617137
3849,0.06036933340960994
3850,0.056588556095660145
3851,0.1055773908712855
3852,0.06491526860285063
3853,0.0791935274019832
3854,0.031942526321192946
3855,0.13621785227339225
3856,0.09785907242952249
3857,0.05638149246357266
3858,0.23131953341666156
3859,0.45076596848303324
3860,0.12526791343611818
3861,0.0961382722740087
3862,0.0655695750492646
3863,0.01885736145237828
3864,0.09420268691099472
3865,0.09169078292913821
3866,0.0823233120798613
3867,0.0804151443765164
3868,0.16298503688251728
3869,0.02551222606772289
3870,0.11594848091158846
3871,0.12607693738167566
3872,0.15728192619968479
3873,0.035622662719143584
3874,0.1572183491289972
3875,0.09614789159135129
3876,0.09159534148529665
3877,0.04614994240930074
3878,0.1260892214734641
3879,0.15272454008663602
3880,0.07933081228740901
3881,0.12337863540399122
3882,0.1861871571903578
3883,0.026376869616830143
3884,0.08654946985722248
3885,0.10948556909638515
3886,0.09785990587005769
3887,0.054052870321207855
3888,0.08952455976373516
3889,0.027453049288373256
3890,0.103193457591316
3891,0.13429174671248773
3892,0.05053850574072045
3893,0.021557320390412135
3894,0.102851816644686
3895,0.03713558827168688
3896,0.08068252066255634
3897,0.05243412499384691
3898,0.06823205307726124
3899,0.05951791481350774
3900,0.05635122446232728
3901,0.1479754112941236
3902,0.04001499218377596
3903,0.09119679335187393
3904,0.06688160338642068
3905,0.06728111225125544
3906,0.06068580866649621
3907,0.05878863038272743
3908,0.0739585849270925
3909,0.07473020531054832
3910,0.10088937286055964
3911,0.07865365868493032
3912,0.13901897061133794
3913,0.04276530206393386
3914,0.06932680271801227
3915,0.07549301853870855
3916,0.09729770666216965
3917,0.08411116785698192
3918,0.049157690948626306
3919,0.11716097097482756
3920,0.020121101707507347
3921,0.15461418996027762
3922,0.16989127240146695
3923,0.04671462798018285
3924,0.13617136667302168
3925,0.049427592942966794
3926,0.06339424821068367
3927,0.09980096443579847
3928,0.11842706636687533
3929,0.09328338929419355
3930,0.07724599267634755
3931,0.12415984756198692
3932,0.03218239930074517
3933,0.03370849197423176
3934,0.12057765714179984
3935,0.0377535841054538
3936,0.061881659829279304
3937,0.3665137157831527
3938,0.1773686794367265
3939,0.10027353051842347
3940,0.11705413060055186
3941,0.18202592020880765
3942,0.07341700662715446
3943,0.021909343853071032
3944,0.06670404897965124
3945,0.09795974966028592
3946,0.08166071765318335
3947,0.04098886054647985
3948,0.09668212262706156
3949,0.05077631473551571
3950,0.11408125838324742
3951,0.14685872069828404
3952,0.03506211553179959
3953,0.15086350679018976
3954,0.053062235298763805
3955,0.01834312465187639
3956,0.0949524366813211
3957,0.04110924655282454
3958,0.07940144158954
3959,0.11305368379532488
3960,0.10241306945405403
3961,0.02262061826363741
3962,0.03590221860621174
3963,0.058238758855510164
3964,0.08701580174937527
3965,0.04533329742180231
3966,0.13130959174261342
3967,0.10499021512978535
3968,0.044347671943872145
3969,0.08859179390527656
3970,0.07001721947302486
3971,0.05001654876619783
3972,0.03911056371074741
3973,0.0744941558911855
3974,0.11833031974867028
3975,0.049369327763983645
3976,0.06797314155814727
3977,0.07833274606152586
3978,0.1902357514311575
3979,0.019476410706844263
3980,0.03457439674344955
3981,0.05053570320120807
3982,0.08845882871646342
3983,0.0536427628142326
3984,0.06084343462925034
3985,0.12383787725177559
3986,0.044146614458640716
3987,0.045737370868981914
3988,0.035760469311805494
3989,0.04751369563667434
3990,0.22333018888494038
3991,0.04569149080533292
3992,0.05382658207547916
3993,0.08140014867856823
3994,0.05914595747981653
3995,0.08608131449110577
3996,0.18449687784633695
3997,0.05511517833443176
3998,0.0325245031841704
3999,0.11475962097912847
4000,0.09793102244205641
4001,0.025807220976680367
4002,0.044667072085744525
4003,0.06350661036486042
4004,0.11005018170139032
4005,0.09282302636623976
4006,0.07234916293595749
4007,0.0645855692808669
4008,0.0754303180469483
4009,0.03934326359342612
4010,0.0517463905262929
4011,0.09776937043064537
4012,0.04179206998520575
4013,0.07183136821057155
4014,0.10532901127803537
4015,0.018827891813457252
4016,0.027347182536851696
4017,0.10588782667810867
4018,0.08116111017859312
4019,0.0937000276725632
4020,0.09889714640681611
4021,0.0731012439057279
4022,0.08342704423938957
